step,time_hours,state_idx,state,action_idx,action,next_state_idx,next_state,reward,temperature,ecc_count,xid_code,utilization,power_usage,retired_pages
0,0.0,0,Healthy,0,keep_running,0,Healthy,1.2,56.896123554504385,0,0,90.72147264939956,579.1609620046805,0
1,1.0,0,Healthy,0,keep_running,0,Healthy,1.2,65.12291706241822,0,0,82.68216273123821,623.7405856085746,0
2,2.0,0,Healthy,0,keep_running,0,Healthy,1.2,57.814443882461966,0,0,95.21727538317201,578.095543183121,0
3,3.0,0,Healthy,0,keep_running,0,Healthy,1.2,63.579654346951145,0,0,79.95388870796194,607.53555098594,0
4,4.0,0,Healthy,0,keep_running,0,Healthy,1.2,65.06574894030315,0,0,79.82303248892366,551.5707540735629,0
5,5.0,0,Healthy,0,keep_running,0,Healthy,1.2,63.731565782226234,1,0,88.70123950713952,540.6301547018251,0
6,6.0,0,Healthy,0,keep_running,0,Healthy,1.2,60.75755210098348,0,0,79.46682643889794,553.1287875110239,0
7,7.0,0,Healthy,0,keep_running,3,FailedRecoverable,-2.64,69.42734986790882,0,0,88.77280912430535,577.294918371555,0
8,8.0,3,FailedRecoverable,3,reboot,2,MaintenanceRequired,0.06,70.22719727967757,3,0,26.62996239248716,334.0522852790058,3
9,9.0,2,MaintenanceRequired,1,power_cap,3,FailedRecoverable,-3.3248781825631677,81.84878182563168,8,0,72.50625874930255,653.7760229430402,0
10,10.0,3,FailedRecoverable,3,reboot,0,Healthy,0.8999999999999999,55.8296223285519,5,48,0.0,150.5026683541349,1
11,11.0,0,Healthy,0,keep_running,0,Healthy,1.2,59.26976745506046,0,48,84.90820869882882,592.2799456894325,0
12,12.0,0,Healthy,0,keep_running,0,Healthy,1.2,64.90603320794445,0,0,88.60350380908832,574.4988544377939,0
13,13.0,0,Healthy,0,keep_running,0,Healthy,1.2,67.8709819413733,0,0,95.58568801300358,564.1165344921898,0
14,14.0,0,Healthy,0,keep_running,0,Healthy,1.2,57.9784354166255,0,0,89.3845128061706,610.05060566782,0
15,15.0,0,Healthy,0,keep_running,0,Healthy,1.2,64.33903027175049,0,0,87.43079885005011,653.7436622782775,0
16,16.0,0,Healthy,0,keep_running,0,Healthy,1.2,61.87684290792832,3,0,92.15356420433362,616.1596382572947,0
17,17.0,0,Healthy,0,keep_running,1,Degraded,1.2,66.05271380099124,0,0,88.63014789751048,587.9444919448975,0
18,18.0,1,Degraded,0,keep_running,0,Healthy,1.2,68.9224895555041,0,0,81.98946850761345,547.7301325295581,1
19,19.0,0,Healthy,0,keep_running,0,Healthy,1.2,67.366640524013,1,0,89.01025188731349,614.0611110228349,0
20,20.0,0,Healthy,0,keep_running,0,Healthy,1.2,59.708736613202234,0,0,83.30999114230133,553.9576623469535,0
21,21.0,0,Healthy,0,keep_running,0,Healthy,1.2,61.0431638272087,0,0,82.41475035927664,606.5918494172657,0
22,22.0,0,Healthy,0,keep_running,0,Healthy,1.2,61.98102960676761,0,0,93.18264453932143,573.0050863854749,0
23,23.0,0,Healthy,0,keep_running,2,MaintenanceRequired,0.36,65.89369962693353,0,0,92.30534796883411,543.5206447657298,0
24,24.0,2,MaintenanceRequired,1,power_cap,3,FailedRecoverable,-2.954343340231244,78.14343340231244,6,0,67.70239283097366,635.1194753073578,0
25,25.0,3,FailedRecoverable,3,reboot,0,Healthy,0.8999999999999999,69.97412736428849,8,31,41.390130711339694,334.291400106215,3
26,26.0,0,Healthy,0,keep_running,0,Healthy,1.2,59.9053832136185,0,0,82.18221772151122,598.866490340332,0
27,27.0,0,Healthy,0,keep_running,0,Healthy,1.2,63.05184356767982,0,0,89.18214388769066,544.5230738872355,0
28,28.0,0,Healthy,0,keep_running,0,Healthy,1.2,66.05921258978405,0,0,87.54140374320541,598.5259838562731,1
29,29.0,0,Healthy,0,keep_running,0,Healthy,1.2,66.28694356711208,0,0,77.37432584122897,598.6226071822496,0
30,30.0,0,Healthy,0,keep_running,0,Healthy,1.2,64.78798931014228,0,0,87.53643196560795,594.4350664157467,0
31,31.0,0,Healthy,0,keep_running,0,Healthy,1.2,62.72602855365512,0,0,84.82139434252458,555.6319650366275,0
32,32.0,0,Healthy,0,keep_running,0,Healthy,1.2,62.3155348287553,0,0,85.28377358608886,581.4764357942469,0
33,33.0,0,Healthy,0,keep_running,0,Healthy,1.2,67.30871476916728,1,0,92.40769591060857,583.6914587844753,0
34,34.0,0,Healthy,0,keep_running,0,Healthy,1.2,65.81725201011825,0,0,86.5294577178981,578.302092757626,0
35,35.0,0,Healthy,0,keep_running,0,Healthy,1.2,69.54305043823281,0,0,85.55915810596917,557.6357305913652,0
36,36.0,0,Healthy,0,keep_running,0,Healthy,1.2,65.50215994922897,0,0,92.33838267618641,595.4294397976039,0
37,37.0,0,Healthy,0,keep_running,0,Healthy,1.2,65.28689726460897,0,0,89.90940618303232,674.1233831611545,0
38,38.0,0,Healthy,0,keep_running,0,Healthy,1.2,60.09672742856292,0,0,78.94792081523511,594.6521860072668,0
39,39.0,0,Healthy,0,keep_running,1,Degraded,1.2,62.07135773012029,0,0,96.1227066771619,556.6412037441665,0
40,40.0,1,Degraded,0,keep_running,0,Healthy,1.2,66.89308540474937,2,0,87.73069992639715,591.7252484637474,0
41,41.0,0,Healthy,0,keep_running,4,FailedPermanent,-14.64,64.4163111803776,1,0,85.23675853582469,586.6461025265249,0
42,42.0,4,FailedPermanent,1,power_cap,4,FailedPermanent,-14.940000000000001,59.49641300684506,16,79,0.0,94.44181417650128,2
43,43.0,4,FailedPermanent,1,power_cap,4,FailedPermanent,-14.940000000000001,30.659337011866892,9,79,7.907764427143389,0.0,1
44,44.0,4,FailedPermanent,1,power_cap,4,FailedPermanent,-14.940000000000001,44.905327418211016,12,79,14.143721668066556,66.82478558556504,1
45,45.0,4,FailedPermanent,1,power_cap,4,FailedPermanent,-14.940000000000001,29.715925685102835,15,79,3.9067784387386153,69.00582546075141,1
46,46.0,4,FailedPermanent,1,power_cap,4,FailedPermanent,-14.940000000000001,46.745677948583605,10,0,5.346732218358787,74.7491118720807,4
47,47.0,4,FailedPermanent,1,power_cap,4,FailedPermanent,-14.940000000000001,42.28757303235968,11,79,5.712112366643306,61.79815905163987,2
48,48.0,4,FailedPermanent,1,power_cap,4,FailedPermanent,-14.940000000000001,49.921098287579994,12,48,0.6821328428790547,89.57802783346933,0
49,49.0,4,FailedPermanent,1,power_cap,4,FailedPermanent,-14.940000000000001,27.84103594183496,12,79,11.66944209242989,49.968964235200914,3
50,50.0,4,FailedPermanent,1,power_cap,4,FailedPermanent,-14.940000000000001,49.87061968013893,4,79,0.0,86.35147732377189,2
51,51.0,4,FailedPermanent,1,power_cap,4,FailedPermanent,-14.940000000000001,15.48648108304496,11,48,0.0,97.28909359280568,3
52,52.0,4,FailedPermanent,1,power_cap,4,FailedPermanent,-14.940000000000001,30.874816606378104,15,79,0.5827796172618556,83.79652771701406,2
53,53.0,4,FailedPermanent,1,power_cap,4,FailedPermanent,-14.940000000000001,50.68559231528526,6,48,0.0,32.489215326975476,5
54,54.0,4,FailedPermanent,1,power_cap,4,FailedPermanent,-14.940000000000001,32.65707664566913,16,79,0.10692665543612079,70.5350263922187,1
55,55.0,4,FailedPermanent,1,power_cap,4,FailedPermanent,-14.940000000000001,38.33881613508975,5,79,10.781449139082982,4.643162512761423,1
56,56.0,4,FailedPermanent,1,power_cap,4,FailedPermanent,-14.940000000000001,36.42921208983619,10,0,6.891369754430398,74.52681240128088,0
57,57.0,4,FailedPermanent,1,power_cap,4,FailedPermanent,-14.940000000000001,53.10365777669519,10,48,3.5970169192241013,81.7079306275786,2
58,58.0,4,FailedPermanent,1,power_cap,4,FailedPermanent,-14.940000000000001,35.91720065116102,13,31,0.6012333454217077,35.5140987838977,0
59,59.0,4,FailedPermanent,1,power_cap,4,FailedPermanent,-14.940000000000001,43.00718317731501,4,79,2.392676811990845,117.31179675896638,2
60,60.0,4,FailedPermanent,1,power_cap,4,FailedPermanent,-14.940000000000001,47.15076394495074,12,79,9.101871194125213,75.16702472344869,1
61,61.0,4,FailedPermanent,1,power_cap,4,FailedPermanent,-14.940000000000001,40.17665711357121,6,79,0.7887614964853623,85.409830639775,2
62,62.0,4,FailedPermanent,1,power_cap,4,FailedPermanent,-14.940000000000001,41.9734535461496,7,79,3.159077746049349,50.6588981006226,4
63,63.0,4,FailedPermanent,1,power_cap,4,FailedPermanent,-14.940000000000001,50.933585976439495,9,48,3.763115926317074,33.71100815468792,2
64,64.0,4,FailedPermanent,1,power_cap,4,FailedPermanent,-14.940000000000001,44.047816025398085,8,31,6.18547773183825,79.38971293062873,4
65,65.0,4,FailedPermanent,1,power_cap,4,FailedPermanent,-14.940000000000001,47.43280894380695,13,79,0.0,57.48960795805754,2
66,66.0,4,FailedPermanent,1,power_cap,4,FailedPermanent,-14.940000000000001,46.13136970449984,5,31,18.59993011121629,82.34309521849012,2
67,67.0,4,FailedPermanent,1,power_cap,4,FailedPermanent,-14.940000000000001,38.9564125263788,10,79,0.0,83.09928838401534,2
68,68.0,4,FailedPermanent,1,power_cap,4,FailedPermanent,-14.940000000000001,29.482281729253366,5,79,0.0,81.70738078429748,0
69,69.0,4,FailedPermanent,1,power_cap,4,FailedPermanent,-14.940000000000001,26.21327295288125,9,79,0.0,76.7493097968594,2
70,70.0,4,FailedPermanent,1,power_cap,4,FailedPermanent,-14.940000000000001,42.457509750745864,10,48,2.584849083584275,77.86468050100615,2
71,71.0,4,FailedPermanent,1,power_cap,4,FailedPermanent,-14.940000000000001,55.59292384852245,8,79,11.94037859989106,24.800282525915968,4
72,72.0,4,FailedPermanent,1,power_cap,4,FailedPermanent,-14.940000000000001,46.605110297600966,11,48,0.0,23.526232489127246,0
73,73.0,4,FailedPermanent,1,power_cap,4,FailedPermanent,-14.940000000000001,33.23777569734024,13,79,0.09413799062994405,86.59888534429953,1
74,74.0,4,FailedPermanent,1,power_cap,4,FailedPermanent,-14.940000000000001,23.233322953106658,14,79,0.0,79.37672663676481,1
75,75.0,4,FailedPermanent,1,power_cap,4,FailedPermanent,-14.940000000000001,24.86070361507109,11,48,7.580197626777159,0.0,2
76,76.0,4,FailedPermanent,0,keep_running,4,FailedPermanent,-14.64,27.28488867477226,3,48,4.212360282381207,104.01903763101129,1
77,77.0,4,FailedPermanent,1,power_cap,4,FailedPermanent,-14.940000000000001,47.805397474556166,13,79,0.0,19.877826336690873,1
78,78.0,4,FailedPermanent,1,power_cap,4,FailedPermanent,-14.940000000000001,49.343228665452656,6,79,0.0,77.91144439134912,3
79,79.0,4,FailedPermanent,1,power_cap,4,FailedPermanent,-14.940000000000001,26.199055911357686,7,79,9.509010355141772,17.868726101992962,1
80,80.0,4,FailedPermanent,1,power_cap,4,FailedPermanent,-14.940000000000001,38.985155700112905,9,79,2.2575329341411803,13.052672032686026,0
81,81.0,4,FailedPermanent,1,power_cap,4,FailedPermanent,-14.940000000000001,26.63428162559198,15,48,0.0,115.15896381445647,4
82,82.0,4,FailedPermanent,1,power_cap,4,FailedPermanent,-14.940000000000001,13.202279440346372,4,79,0.487331655873962,27.259692787614405,3
83,83.0,4,FailedPermanent,1,power_cap,4,FailedPermanent,-14.940000000000001,39.613764831650826,14,48,0.0,79.57512361516034,3
84,84.0,4,FailedPermanent,1,power_cap,4,FailedPermanent,-14.940000000000001,40.585986904408955,10,0,3.5075010116113843,12.979433211385238,2
85,85.0,4,FailedPermanent,1,power_cap,4,FailedPermanent,-14.940000000000001,12.106838769678427,10,79,0.0,58.02272636091081,3
86,86.0,4,FailedPermanent,1,power_cap,4,FailedPermanent,-14.940000000000001,40.351243357381215,11,79,0.0,62.84124692140738,1
87,87.0,4,FailedPermanent,1,power_cap,4,FailedPermanent,-14.940000000000001,49.80387841262524,5,79,0.0,0.0,3
88,88.0,4,FailedPermanent,1,power_cap,4,FailedPermanent,-14.940000000000001,48.531014123018345,12,79,0.0,71.82023963510247,2
89,89.0,4,FailedPermanent,1,power_cap,4,FailedPermanent,-14.940000000000001,43.03761303575789,12,48,1.3345727741321682,84.26483241063153,1
90,90.0,4,FailedPermanent,1,power_cap,4,FailedPermanent,-14.940000000000001,35.84741446317886,10,79,7.334153409709551,68.51527473781955,3
91,91.0,4,FailedPermanent,1,power_cap,4,FailedPermanent,-14.940000000000001,48.423030218238836,4,0,0.0,0.0,2
92,92.0,4,FailedPermanent,1,power_cap,4,FailedPermanent,-14.940000000000001,57.503045063223496,9,79,0.0,47.65938883086141,1
93,93.0,4,FailedPermanent,1,power_cap,4,FailedPermanent,-14.940000000000001,48.290628484272226,6,79,13.407348708163136,69.73056529394164,0
94,94.0,4,FailedPermanent,1,power_cap,4,FailedPermanent,-14.940000000000001,32.13455598843543,19,79,7.924395919849142,111.50885958375794,3
95,95.0,4,FailedPermanent,1,power_cap,4,FailedPermanent,-14.940000000000001,47.01203733766224,7,0,1.2465084590010695,75.51943559056876,2
96,96.0,4,FailedPermanent,1,power_cap,4,FailedPermanent,-14.940000000000001,34.64059835338066,13,0,2.829365265729457,135.61362566504195,2
97,97.0,4,FailedPermanent,1,power_cap,4,FailedPermanent,-14.940000000000001,39.219989864165385,14,79,0.0,68.19858336890915,1
98,98.0,4,FailedPermanent,1,power_cap,4,FailedPermanent,-14.940000000000001,34.51905852553437,11,0,0.0,0.0,0
99,99.0,4,FailedPermanent,1,power_cap,4,FailedPermanent,-14.940000000000001,55.25783405108141,9,0,0.0,46.84232255154277,3
100,100.0,4,FailedPermanent,1,power_cap,4,FailedPermanent,-14.940000000000001,42.39770880359018,11,79,2.179500723014207,0.0,0
101,101.0,4,FailedPermanent,1,power_cap,4,FailedPermanent,-14.940000000000001,41.75538897963486,9,79,4.106357654998678,12.063614166000454,2
102,102.0,4,FailedPermanent,1,power_cap,4,FailedPermanent,-14.940000000000001,39.082167462299275,14,79,9.822916096747537,124.4597792483694,1
103,103.0,4,FailedPermanent,1,power_cap,4,FailedPermanent,-14.940000000000001,47.75399416963557,12,79,4.351727839763592,30.40839275309276,3
104,104.0,4,FailedPermanent,1,power_cap,4,FailedPermanent,-14.940000000000001,24.82822142233019,6,79,10.135250625214654,122.13201516164753,3
105,105.0,4,FailedPermanent,1,power_cap,4,FailedPermanent,-14.940000000000001,42.886748329941625,11,79,2.2105612950206583,27.174179597396645,0
106,106.0,4,FailedPermanent,1,power_cap,4,FailedPermanent,-14.940000000000001,42.66143779564656,11,31,0.0,118.04381601820856,1
107,107.0,4,FailedPermanent,1,power_cap,4,FailedPermanent,-14.940000000000001,33.11708040695504,8,79,0.0,113.66694065952053,2
108,108.0,4,FailedPermanent,1,power_cap,4,FailedPermanent,-14.940000000000001,70.42341339452133,4,79,0.0,46.464271146123615,2
109,109.0,4,FailedPermanent,1,power_cap,4,FailedPermanent,-14.940000000000001,40.44074019569582,8,48,0.0,64.9737556314421,0
110,110.0,4,FailedPermanent,1,power_cap,4,FailedPermanent,-14.940000000000001,32.543336532074285,9,48,0.0,31.724702662814753,1
111,111.0,4,FailedPermanent,1,power_cap,4,FailedPermanent,-14.940000000000001,26.38343006423544,11,48,0.0,113.09856140005861,0
112,112.0,4,FailedPermanent,1,power_cap,4,FailedPermanent,-14.940000000000001,29.397808581672926,9,79,9.615593193195267,37.87131474636858,3
113,113.0,4,FailedPermanent,1,power_cap,4,FailedPermanent,-14.940000000000001,28.709226653336295,8,79,0.0,60.34750403966911,2
114,114.0,4,FailedPermanent,1,power_cap,4,FailedPermanent,-14.940000000000001,30.974325365639853,10,79,7.485925815344737,47.61346669399058,1
115,115.0,4,FailedPermanent,1,power_cap,4,FailedPermanent,-14.940000000000001,20.992492052486735,9,48,2.433047511304357,98.83382871565625,3
116,116.0,4,FailedPermanent,1,power_cap,4,FailedPermanent,-14.940000000000001,35.681342692099676,17,79,0.0,62.506112202890606,0
117,117.0,4,FailedPermanent,1,power_cap,4,FailedPermanent,-14.940000000000001,43.35244402449883,10,48,8.398506419013154,69.55768514870051,0
118,118.0,4,FailedPermanent,1,power_cap,4,FailedPermanent,-14.940000000000001,25.802137420940422,10,79,7.193631304213059,111.88613359735871,1
119,119.0,4,FailedPermanent,1,power_cap,4,FailedPermanent,-14.940000000000001,39.291493292971815,8,79,1.227745859565299,106.53771197276785,0
120,120.0,4,FailedPermanent,1,power_cap,4,FailedPermanent,-14.940000000000001,32.13126706403163,10,48,0.0,118.7396557403347,1
121,121.0,4,FailedPermanent,1,power_cap,4,FailedPermanent,-14.940000000000001,43.89837417273096,8,79,0.0,0.0,1
122,122.0,4,FailedPermanent,0,keep_running,4,FailedPermanent,-14.64,49.089335387314506,3,79,2.962192393046212,35.04602454972842,1
123,123.0,4,FailedPermanent,1,power_cap,4,FailedPermanent,-14.940000000000001,44.417100265425795,5,48,0.0,105.09933243716189,2
124,124.0,4,FailedPermanent,1,power_cap,4,FailedPermanent,-14.940000000000001,53.395718612681996,8,79,0.0,118.26309407496129,1
125,125.0,4,FailedPermanent,1,power_cap,4,FailedPermanent,-14.940000000000001,30.040207901052373,14,79,5.542139646542531,72.6328303207817,0
126,126.0,4,FailedPermanent,1,power_cap,4,FailedPermanent,-14.940000000000001,41.64793203655793,7,79,1.0057379090160259,0.0,2
127,127.0,4,FailedPermanent,1,power_cap,4,FailedPermanent,-14.940000000000001,34.81542018135603,13,79,6.008450293428851,0.0,2
128,128.0,4,FailedPermanent,1,power_cap,4,FailedPermanent,-14.940000000000001,34.828106825401974,12,31,5.458073803000293,73.16425457137036,3
129,129.0,4,FailedPermanent,1,power_cap,4,FailedPermanent,-14.940000000000001,51.57182622399956,7,48,4.366870466529486,91.08586012067215,3
130,130.0,4,FailedPermanent,1,power_cap,4,FailedPermanent,-14.940000000000001,36.98161503993449,5,48,2.5311141716091154,101.3407296899169,1
131,131.0,4,FailedPermanent,1,power_cap,4,FailedPermanent,-14.940000000000001,51.29518687571584,12,79,7.366124580193942,0.0,1
132,132.0,4,FailedPermanent,1,power_cap,4,FailedPermanent,-14.940000000000001,32.50069020802839,11,79,0.0,103.24425302508368,3
133,133.0,4,FailedPermanent,1,power_cap,4,FailedPermanent,-14.940000000000001,50.78841640714926,6,0,9.935153752552381,51.06831038066468,1
134,134.0,4,FailedPermanent,1,power_cap,4,FailedPermanent,-14.940000000000001,42.00615423394442,9,48,0.7701335650162083,83.10981861831979,1
135,135.0,4,FailedPermanent,1,power_cap,4,FailedPermanent,-14.940000000000001,16.313143232463183,12,31,0.0,40.199227667907444,1
136,136.0,4,FailedPermanent,1,power_cap,4,FailedPermanent,-14.940000000000001,31.5880959004594,13,79,8.833957442669266,83.9328515715442,3
137,137.0,4,FailedPermanent,1,power_cap,4,FailedPermanent,-14.940000000000001,37.209060351473155,18,79,0.07627328338506506,58.91835323287809,5
138,138.0,4,FailedPermanent,1,power_cap,4,FailedPermanent,-14.940000000000001,33.91567241460481,10,79,2.898451751032438,75.19820048381635,2
139,139.0,4,FailedPermanent,1,power_cap,4,FailedPermanent,-14.940000000000001,36.6707935753054,8,79,3.1560342317863728,0.0,1
140,140.0,4,FailedPermanent,1,power_cap,4,FailedPermanent,-14.940000000000001,27.824273138269632,17,79,10.417471642604648,45.83833968334171,2
141,141.0,4,FailedPermanent,1,power_cap,4,FailedPermanent,-14.940000000000001,30.139956566081384,9,79,8.116180217051484,126.1116588685532,3
142,142.0,4,FailedPermanent,1,power_cap,4,FailedPermanent,-14.940000000000001,46.61968811129336,12,48,12.660551131541746,99.0644436862528,2
143,143.0,4,FailedPermanent,1,power_cap,4,FailedPermanent,-14.940000000000001,32.042520878925856,7,48,0.0,75.77621340613423,3
144,144.0,4,FailedPermanent,1,power_cap,4,FailedPermanent,-14.940000000000001,46.32626035058842,8,48,0.0,80.58921817875006,1
145,145.0,4,FailedPermanent,1,power_cap,4,FailedPermanent,-14.940000000000001,30.033469738506895,11,79,14.108936147530134,56.55061807565882,1
146,146.0,4,FailedPermanent,1,power_cap,4,FailedPermanent,-14.940000000000001,33.82259383837855,11,79,11.624888847669036,110.82364203002074,2
147,147.0,4,FailedPermanent,1,power_cap,4,FailedPermanent,-14.940000000000001,17.38710119617055,15,79,10.684197033677307,49.34753550161742,0
148,148.0,4,FailedPermanent,1,power_cap,4,FailedPermanent,-14.940000000000001,31.91683757492408,12,79,11.676924542455108,55.41830548889823,0
149,149.0,4,FailedPermanent,1,power_cap,4,FailedPermanent,-14.940000000000001,42.64032925779464,14,79,4.747042512410082,58.609905577010146,2
150,150.0,4,FailedPermanent,1,power_cap,4,FailedPermanent,-14.940000000000001,34.50107073006592,12,48,6.869184618600294,153.51709090571862,2
151,151.0,4,FailedPermanent,1,power_cap,4,FailedPermanent,-14.940000000000001,30.47059583809349,11,79,2.7080366424378703,57.93681986814335,2
152,152.0,4,FailedPermanent,1,power_cap,4,FailedPermanent,-14.940000000000001,55.70964152277142,14,79,0.6329640083705605,48.90828389932169,2
153,153.0,4,FailedPermanent,1,power_cap,4,FailedPermanent,-14.940000000000001,54.45588627635208,8,79,0.0,87.40597499663608,3
154,154.0,4,FailedPermanent,1,power_cap,4,FailedPermanent,-14.940000000000001,23.23993296307085,5,79,0.0,66.7030526142987,5
155,155.0,4,FailedPermanent,1,power_cap,4,FailedPermanent,-14.940000000000001,61.065352635665946,10,79,11.174007142653943,137.25321274656997,2
156,156.0,4,FailedPermanent,0,keep_running,4,FailedPermanent,-14.64,41.49367604588415,2,79,0.0,33.076936756748985,1
157,157.0,4,FailedPermanent,1,power_cap,4,FailedPermanent,-14.940000000000001,28.030789841906977,8,79,6.160949309044378,97.57355005204607,0
158,158.0,4,FailedPermanent,1,power_cap,4,FailedPermanent,-14.940000000000001,33.55956317074069,9,79,7.337766131238146,106.77043367414964,2
159,159.0,4,FailedPermanent,1,power_cap,4,FailedPermanent,-14.940000000000001,26.454584314189695,12,79,0.0,46.17074446354492,2
160,160.0,4,FailedPermanent,1,power_cap,4,FailedPermanent,-14.940000000000001,44.63538189411152,10,31,4.264637162866534,39.654242599708375,4
161,161.0,4,FailedPermanent,1,power_cap,4,FailedPermanent,-14.940000000000001,25.75358725355432,12,48,0.0,88.60860402749591,4
162,162.0,4,FailedPermanent,1,power_cap,4,FailedPermanent,-14.940000000000001,22.132876824435588,14,79,4.526021404710735,52.37309301029027,1
163,163.0,4,FailedPermanent,1,power_cap,4,FailedPermanent,-14.940000000000001,50.89108885230404,8,79,0.0,76.98974631752156,2
164,164.0,4,FailedPermanent,1,power_cap,4,FailedPermanent,-14.940000000000001,35.57341237571928,13,31,0.5333868101939991,78.38073319841132,2
165,165.0,4,FailedPermanent,1,power_cap,4,FailedPermanent,-14.940000000000001,43.54331287933491,13,48,0.0,60.807814573828054,0
166,166.0,4,FailedPermanent,1,power_cap,4,FailedPermanent,-14.940000000000001,34.42087930787575,11,79,4.492541185473625,47.53146105761328,1
167,167.0,4,FailedPermanent,1,power_cap,4,FailedPermanent,-14.940000000000001,32.58535243432463,12,31,9.329386743522758,55.101447003121066,3
168,168.0,4,FailedPermanent,1,power_cap,4,FailedPermanent,-14.940000000000001,29.02801847068718,12,79,4.2823648619740515,22.426618639420788,1
169,169.0,4,FailedPermanent,1,power_cap,4,FailedPermanent,-14.940000000000001,37.643022397010675,7,31,1.9018414728935829,51.540197752693174,4
170,170.0,4,FailedPermanent,1,power_cap,4,FailedPermanent,-14.940000000000001,45.885373861552,7,79,10.159161690279973,78.17360167610157,1
171,171.0,4,FailedPermanent,1,power_cap,4,FailedPermanent,-14.940000000000001,20.66915932936693,11,48,8.052301625662984,59.598204374270544,1
172,172.0,4,FailedPermanent,1,power_cap,4,FailedPermanent,-14.940000000000001,33.282011193063475,8,79,3.6917031306268013,44.234288795762346,2
173,173.0,4,FailedPermanent,1,power_cap,4,FailedPermanent,-14.940000000000001,36.70531725893886,9,48,0.0,57.84272914100125,3
174,174.0,4,FailedPermanent,1,power_cap,4,FailedPermanent,-14.940000000000001,34.80453476188957,10,0,5.8088433144225124,54.15539989477681,2
175,175.0,4,FailedPermanent,1,power_cap,4,FailedPermanent,-14.940000000000001,39.23750695286444,11,79,4.766732158456653,39.68019755080021,2
176,176.0,4,FailedPermanent,1,power_cap,4,FailedPermanent,-14.940000000000001,42.325942719509406,12,31,0.0,63.75401844863039,0
177,177.0,4,FailedPermanent,1,power_cap,4,FailedPermanent,-14.940000000000001,43.087713767785196,4,79,4.258547025453975,55.40368157789047,0
178,178.0,4,FailedPermanent,1,power_cap,4,FailedPermanent,-14.940000000000001,38.587661182584704,10,79,0.0,14.226715562988712,2
179,179.0,4,FailedPermanent,1,power_cap,4,FailedPermanent,-14.940000000000001,27.878184167391098,7,79,9.032503947567534,51.36619533961703,2
180,180.0,4,FailedPermanent,1,power_cap,4,FailedPermanent,-14.940000000000001,18.88154954804722,15,79,3.520095157175013,104.33179125952871,2
181,181.0,4,FailedPermanent,1,power_cap,4,FailedPermanent,-14.940000000000001,31.930567114104072,12,31,6.406995742338965,76.59614267590372,3
182,182.0,4,FailedPermanent,1,power_cap,4,FailedPermanent,-14.940000000000001,29.530587064836094,4,48,0.0,3.9377537406402663,2
183,183.0,4,FailedPermanent,1,power_cap,4,FailedPermanent,-14.940000000000001,40.96811224986177,12,79,4.028743285923613,42.004876484544376,1
184,184.0,4,FailedPermanent,1,power_cap,4,FailedPermanent,-14.940000000000001,46.22107689753919,13,79,5.97613535646752,130.33587576806207,1
185,185.0,4,FailedPermanent,1,power_cap,4,FailedPermanent,-14.940000000000001,48.99300288226789,16,79,1.2643505534094177,95.19685549323833,1
186,186.0,4,FailedPermanent,1,power_cap,4,FailedPermanent,-14.940000000000001,28.96535213300936,9,79,5.396649437832825,6.363577034439718,2
187,187.0,4,FailedPermanent,1,power_cap,4,FailedPermanent,-14.940000000000001,35.69416398706912,10,48,10.212311613050096,123.27094125219418,2
188,188.0,4,FailedPermanent,1,power_cap,4,FailedPermanent,-14.940000000000001,30.29051196365709,8,0,0.3382885750512395,126.07963015007984,1
189,189.0,4,FailedPermanent,1,power_cap,4,FailedPermanent,-14.940000000000001,44.704644617014715,8,79,21.98902928008429,83.08467327382152,1
190,190.0,4,FailedPermanent,1,power_cap,4,FailedPermanent,-14.940000000000001,30.33061385701537,5,79,0.0,36.78112747144272,0
191,191.0,4,FailedPermanent,1,power_cap,4,FailedPermanent,-14.940000000000001,36.53161073982217,10,48,0.0,19.700138201140476,2
192,192.0,4,FailedPermanent,1,power_cap,4,FailedPermanent,-14.940000000000001,28.770354654018394,13,79,0.0,32.3578102039142,0
193,193.0,4,FailedPermanent,1,power_cap,4,FailedPermanent,-14.940000000000001,38.35943789701183,10,31,0.0,101.32097004864286,0
194,194.0,4,FailedPermanent,1,power_cap,4,FailedPermanent,-14.940000000000001,41.19252951817168,8,0,4.925730438924593,40.27574799091255,3
195,195.0,4,FailedPermanent,1,power_cap,4,FailedPermanent,-14.940000000000001,45.578509492096636,15,79,0.5376584100343087,37.56666158828244,2
196,196.0,4,FailedPermanent,1,power_cap,4,FailedPermanent,-14.940000000000001,21.493134362728384,6,79,0.0,37.45473982032778,2
197,197.0,4,FailedPermanent,1,power_cap,4,FailedPermanent,-14.940000000000001,45.136181774973004,9,31,0.018690923996452946,37.333351155538416,1
198,198.0,4,FailedPermanent,1,power_cap,4,FailedPermanent,-14.940000000000001,47.186619246744364,8,79,8.792930943952799,69.25316400397664,2
199,199.0,4,FailedPermanent,1,power_cap,4,FailedPermanent,-14.940000000000001,48.4775634513461,7,79,3.3089449579769585,106.26244984140895,3
200,200.0,4,FailedPermanent,1,power_cap,4,FailedPermanent,-14.940000000000001,39.00829609173162,12,31,4.828403699270282,86.16253441396854,4
201,201.0,4,FailedPermanent,1,power_cap,4,FailedPermanent,-14.940000000000001,47.07268470599881,14,48,6.049130077277004,38.494332332100655,3
202,202.0,4,FailedPermanent,1,power_cap,4,FailedPermanent,-14.940000000000001,30.019523339860797,8,79,6.342281278985488,122.0797389359725,1
203,203.0,4,FailedPermanent,1,power_cap,4,FailedPermanent,-14.940000000000001,40.268200018700284,13,79,0.0,0.0,5
204,204.0,4,FailedPermanent,1,power_cap,4,FailedPermanent,-14.940000000000001,45.468853483191864,8,79,0.0,88.8590613118308,1
205,205.0,4,FailedPermanent,1,power_cap,4,FailedPermanent,-14.940000000000001,42.87177371141523,8,79,1.2170612084555272,62.46129485910159,2
206,206.0,4,FailedPermanent,1,power_cap,4,FailedPermanent,-14.940000000000001,49.308675998571026,5,79,0.0,3.0437873225733014,2
207,207.0,4,FailedPermanent,1,power_cap,4,FailedPermanent,-14.940000000000001,48.43887898605651,9,79,2.257343721796719,63.47055756799076,3
208,208.0,4,FailedPermanent,1,power_cap,4,FailedPermanent,-14.940000000000001,49.06190736284101,9,79,2.5440906195659787,103.05287929925893,0
209,209.0,4,FailedPermanent,1,power_cap,4,FailedPermanent,-14.940000000000001,19.40130952547885,13,0,2.011945115948522,110.43848240373813,3
210,210.0,4,FailedPermanent,1,power_cap,4,FailedPermanent,-14.940000000000001,42.261336690391566,10,79,9.751494508316522,51.360065254038425,2
211,211.0,4,FailedPermanent,1,power_cap,4,FailedPermanent,-14.940000000000001,47.656868573012595,11,48,0.0,45.09612813089978,2
212,212.0,4,FailedPermanent,1,power_cap,4,FailedPermanent,-14.940000000000001,36.92268590126088,6,79,6.310013882244342,0.0,2
213,213.0,4,FailedPermanent,1,power_cap,4,FailedPermanent,-14.940000000000001,40.582442334264634,8,79,9.06574542274682,101.86247889029033,4
214,214.0,4,FailedPermanent,1,power_cap,4,FailedPermanent,-14.940000000000001,28.9095081444649,13,79,0.0,0.0,3
215,215.0,4,FailedPermanent,1,power_cap,4,FailedPermanent,-14.940000000000001,47.464175110768124,9,48,3.752022244251064,46.43211085220475,1
216,216.0,4,FailedPermanent,1,power_cap,4,FailedPermanent,-14.940000000000001,33.53316383719609,11,48,3.280229917383221,74.84813667183988,3
217,217.0,4,FailedPermanent,1,power_cap,4,FailedPermanent,-14.940000000000001,50.873909923765666,5,79,0.08186538440127888,139.0127778790157,2
218,218.0,4,FailedPermanent,1,power_cap,4,FailedPermanent,-14.940000000000001,49.94429237872308,10,48,8.593130935398667,32.848921604640935,3
219,219.0,4,FailedPermanent,1,power_cap,4,FailedPermanent,-14.940000000000001,36.38321749128137,8,79,7.306648381474448,69.01099570471749,1
220,220.0,4,FailedPermanent,1,power_cap,4,FailedPermanent,-14.940000000000001,39.160081027748724,9,31,4.001713997251276,29.7188996055843,2
221,221.0,4,FailedPermanent,1,power_cap,4,FailedPermanent,-14.940000000000001,52.34457160844822,8,79,1.2752761604743885,35.638861521026534,7
222,222.0,4,FailedPermanent,1,power_cap,4,FailedPermanent,-14.940000000000001,42.073239434780945,12,79,3.577123387195256,10.889278444060517,1
223,223.0,4,FailedPermanent,1,power_cap,4,FailedPermanent,-14.940000000000001,36.01745359803526,15,48,0.0,108.63091928864625,3
224,224.0,4,FailedPermanent,1,power_cap,4,FailedPermanent,-14.940000000000001,35.852399586985065,13,79,0.0,15.311359915924392,1
225,225.0,4,FailedPermanent,1,power_cap,4,FailedPermanent,-14.940000000000001,21.964938889495528,16,79,0.0,56.804253378251964,1
226,226.0,4,FailedPermanent,1,power_cap,4,FailedPermanent,-14.940000000000001,32.84080135430925,9,31,2.7951993718206167,98.49525822940305,2
227,227.0,4,FailedPermanent,1,power_cap,4,FailedPermanent,-14.940000000000001,48.89659297411053,11,79,0.0,0.0,3
228,228.0,4,FailedPermanent,1,power_cap,4,FailedPermanent,-14.940000000000001,43.194050329664556,9,79,2.7395775939005627,117.44306457506157,1
229,229.0,4,FailedPermanent,1,power_cap,4,FailedPermanent,-14.940000000000001,47.96780460802306,13,48,4.782425170685842,90.35396481690897,1
230,230.0,4,FailedPermanent,1,power_cap,4,FailedPermanent,-14.940000000000001,33.60703836642334,14,79,0.0,85.84986956240562,0
231,231.0,4,FailedPermanent,1,power_cap,4,FailedPermanent,-14.940000000000001,38.6293837275546,8,79,0.0,20.623240040062633,2
232,232.0,4,FailedPermanent,1,power_cap,4,FailedPermanent,-14.940000000000001,39.03430319018292,8,79,0.0,22.08868916148013,1
233,233.0,4,FailedPermanent,1,power_cap,4,FailedPermanent,-14.940000000000001,67.50166855845835,10,79,7.315275817721833,15.125264581805116,2
234,234.0,4,FailedPermanent,1,power_cap,4,FailedPermanent,-14.940000000000001,30.892563583826114,8,31,5.902909149344195,22.850987725632216,1
235,235.0,4,FailedPermanent,1,power_cap,4,FailedPermanent,-14.940000000000001,57.136798974267,10,79,0.0,110.12637871308739,2
236,236.0,4,FailedPermanent,1,power_cap,4,FailedPermanent,-14.940000000000001,35.041427889408055,14,48,7.6674433804032285,77.47037313494232,1
237,237.0,4,FailedPermanent,1,power_cap,4,FailedPermanent,-14.940000000000001,41.74924187857365,17,79,1.2853199882447806,84.24201287297227,1
238,238.0,4,FailedPermanent,1,power_cap,4,FailedPermanent,-14.940000000000001,57.998754792653735,11,48,6.930888559409946,129.1697881120055,1
239,239.0,4,FailedPermanent,1,power_cap,4,FailedPermanent,-14.940000000000001,37.47248510396612,12,31,6.754304659922776,85.17259480375589,4
240,240.0,4,FailedPermanent,1,power_cap,4,FailedPermanent,-14.940000000000001,38.087579774545524,17,79,0.7722430216231075,67.19459618259101,4
241,241.0,4,FailedPermanent,1,power_cap,4,FailedPermanent,-14.940000000000001,38.33913884278865,13,48,4.090439653115159,53.649170082420376,4
242,242.0,4,FailedPermanent,1,power_cap,4,FailedPermanent,-14.940000000000001,47.08279231024803,8,48,5.6092456267178274,34.92227901331936,4
243,243.0,4,FailedPermanent,1,power_cap,4,FailedPermanent,-14.940000000000001,34.160805772901405,8,79,0.0,38.533445084438476,3
244,244.0,4,FailedPermanent,1,power_cap,4,FailedPermanent,-14.940000000000001,39.74719527640769,8,48,0.0,122.2942329523906,1
245,245.0,4,FailedPermanent,1,power_cap,4,FailedPermanent,-14.940000000000001,45.50691907589574,8,31,0.0,63.359528730561664,0
246,246.0,4,FailedPermanent,1,power_cap,4,FailedPermanent,-14.940000000000001,30.38805530034242,15,79,0.0,49.69596686921813,4
247,247.0,4,FailedPermanent,1,power_cap,4,FailedPermanent,-14.940000000000001,48.148844671578786,13,79,3.6889381477496395,93.59605464348093,0
248,248.0,4,FailedPermanent,1,power_cap,4,FailedPermanent,-14.940000000000001,36.217768967942696,14,79,0.0,99.86671487978147,3
249,249.0,4,FailedPermanent,1,power_cap,4,FailedPermanent,-14.940000000000001,29.949533929817132,8,79,14.053208933826498,66.13510513265402,0
250,250.0,4,FailedPermanent,1,power_cap,4,FailedPermanent,-14.940000000000001,40.367910237428646,9,79,0.486319808607051,76.45528858901157,2
251,251.0,4,FailedPermanent,1,power_cap,4,FailedPermanent,-14.940000000000001,39.754536318659895,9,79,2.896088684848917,43.211322056259554,3
252,252.0,4,FailedPermanent,1,power_cap,4,FailedPermanent,-14.940000000000001,20.253595296642235,6,48,0.0,74.84425753784465,4
253,253.0,4,FailedPermanent,1,power_cap,4,FailedPermanent,-14.940000000000001,46.07046503382397,10,79,0.6677527503754193,85.27843491496895,1
254,254.0,4,FailedPermanent,1,power_cap,4,FailedPermanent,-14.940000000000001,40.05508327283874,8,79,0.0,0.1441173685763264,2
255,255.0,4,FailedPermanent,1,power_cap,4,FailedPermanent,-14.940000000000001,33.34069292227376,8,48,0.7109149010668846,22.29233135481146,1
256,256.0,4,FailedPermanent,1,power_cap,4,FailedPermanent,-14.940000000000001,15.723795381882383,11,31,1.79671013111416,102.98195630325242,4
257,257.0,4,FailedPermanent,1,power_cap,4,FailedPermanent,-14.940000000000001,43.98928921786794,7,79,9.232584415757849,113.79719025939835,0
258,258.0,4,FailedPermanent,1,power_cap,4,FailedPermanent,-14.940000000000001,43.8336102765747,16,48,2.1923834768400488,145.07028050155722,1
259,259.0,4,FailedPermanent,1,power_cap,4,FailedPermanent,-14.940000000000001,44.695856973194964,11,0,0.0,18.44427213102339,3
260,260.0,4,FailedPermanent,1,power_cap,4,FailedPermanent,-14.940000000000001,37.630563049184325,8,79,6.800378888548623,83.81165049788362,1
261,261.0,4,FailedPermanent,1,power_cap,4,FailedPermanent,-14.940000000000001,57.569638762328786,6,79,0.0,0.0,0
262,262.0,4,FailedPermanent,1,power_cap,4,FailedPermanent,-14.940000000000001,55.37548920971481,6,79,0.0,107.35809478687484,5
263,263.0,4,FailedPermanent,1,power_cap,4,FailedPermanent,-14.940000000000001,37.41250483031241,6,31,0.0,76.1948711340408,1
264,264.0,4,FailedPermanent,1,power_cap,4,FailedPermanent,-14.940000000000001,43.99455467540519,10,31,5.05852258651948,23.79829010998137,0
265,265.0,4,FailedPermanent,1,power_cap,4,FailedPermanent,-14.940000000000001,40.57035468431522,8,79,2.3901521469767277,50.30799386088699,1
266,266.0,4,FailedPermanent,1,power_cap,4,FailedPermanent,-14.940000000000001,35.51565125640156,4,48,2.8743892462760177,70.10759373705662,3
267,267.0,4,FailedPermanent,1,power_cap,4,FailedPermanent,-14.940000000000001,30.91777986186607,8,79,13.592249982267045,74.48023587655464,1
268,268.0,4,FailedPermanent,1,power_cap,4,FailedPermanent,-14.940000000000001,31.40704158359337,9,79,0.0,24.06386991743315,2
269,269.0,4,FailedPermanent,1,power_cap,4,FailedPermanent,-14.940000000000001,34.751736468704905,10,48,9.154130078548725,48.43145934573434,4
270,270.0,4,FailedPermanent,1,power_cap,4,FailedPermanent,-14.940000000000001,31.243384302626126,11,79,3.331599319679327,97.38822861773099,0
271,271.0,4,FailedPermanent,1,power_cap,4,FailedPermanent,-14.940000000000001,39.638673760564785,8,79,0.0,12.74269924316239,5
272,272.0,4,FailedPermanent,1,power_cap,4,FailedPermanent,-14.940000000000001,14.6734001186256,7,0,0.6076817733084798,87.08340862606582,3
273,273.0,4,FailedPermanent,1,power_cap,4,FailedPermanent,-14.940000000000001,62.19996958655439,8,79,0.0,83.61156799732194,0
274,274.0,4,FailedPermanent,1,power_cap,4,FailedPermanent,-14.940000000000001,30.97578203174396,11,79,11.02586144611347,89.60147468709054,2
275,275.0,4,FailedPermanent,1,power_cap,4,FailedPermanent,-14.940000000000001,42.94429848542848,7,79,7.416930864673535,135.50946241414002,3
276,276.0,4,FailedPermanent,1,power_cap,4,FailedPermanent,-14.940000000000001,30.57242588056899,9,79,2.438438094254819,59.93836870961834,2
277,277.0,4,FailedPermanent,1,power_cap,4,FailedPermanent,-14.940000000000001,28.434180243572033,6,79,0.0,15.817507044941284,1
278,278.0,4,FailedPermanent,1,power_cap,4,FailedPermanent,-14.940000000000001,22.134043324730406,10,79,12.945555572515655,100.46104041913506,4
279,279.0,4,FailedPermanent,1,power_cap,4,FailedPermanent,-14.940000000000001,52.794200141087344,10,31,8.503059722835541,95.64306920907798,3
280,280.0,4,FailedPermanent,1,power_cap,4,FailedPermanent,-14.940000000000001,41.03052443620764,4,48,1.760741541092712,38.31073502341189,2
281,281.0,4,FailedPermanent,1,power_cap,4,FailedPermanent,-14.940000000000001,40.29487273590601,16,79,0.0,51.17533595865202,1
282,282.0,4,FailedPermanent,1,power_cap,4,FailedPermanent,-14.940000000000001,40.22169834079902,14,79,5.311934677688356,128.69598206708415,1
283,283.0,4,FailedPermanent,1,power_cap,4,FailedPermanent,-14.940000000000001,29.83212795006709,9,79,4.141175579890861,32.34486721600546,6
284,284.0,4,FailedPermanent,1,power_cap,4,FailedPermanent,-14.940000000000001,41.481369816761635,14,31,0.5788103926371695,80.92321601590723,0
285,285.0,4,FailedPermanent,1,power_cap,4,FailedPermanent,-14.940000000000001,54.52074640639748,6,79,1.2989659009415244,38.9026771755666,2
286,286.0,4,FailedPermanent,1,power_cap,4,FailedPermanent,-14.940000000000001,46.24202191656936,16,79,5.314435359275012,65.05240286629287,1
287,287.0,4,FailedPermanent,1,power_cap,4,FailedPermanent,-14.940000000000001,29.745606016399194,11,79,0.7628796937063002,41.67920110220126,4
288,288.0,4,FailedPermanent,1,power_cap,4,FailedPermanent,-14.940000000000001,37.20076839637984,11,79,4.952858517296192,37.36385386710688,1
289,289.0,4,FailedPermanent,1,power_cap,4,FailedPermanent,-14.940000000000001,37.94014153764159,11,79,1.3613378946979329,66.10038456079064,3
290,290.0,4,FailedPermanent,1,power_cap,4,FailedPermanent,-14.940000000000001,54.09838478480852,11,79,7.3691125198137755,0.0,2
291,291.0,4,FailedPermanent,1,power_cap,4,FailedPermanent,-14.940000000000001,34.84309921446244,8,79,0.0,85.13848216844106,0
292,292.0,4,FailedPermanent,1,power_cap,4,FailedPermanent,-14.940000000000001,32.733927713886864,5,79,2.1671046731979637,58.941422369488095,0
293,293.0,4,FailedPermanent,1,power_cap,4,FailedPermanent,-14.940000000000001,38.96310412754996,8,79,6.1563238191411624,80.81470806054456,3
294,294.0,4,FailedPermanent,1,power_cap,4,FailedPermanent,-14.940000000000001,33.54797574214308,10,79,4.364331788098044,48.98090713643987,0
295,295.0,4,FailedPermanent,1,power_cap,4,FailedPermanent,-14.940000000000001,38.093107963448006,11,48,2.2196348404074686,75.8051142024882,0
296,296.0,4,FailedPermanent,1,power_cap,4,FailedPermanent,-14.940000000000001,39.45654925706203,6,48,0.0,116.07776973207035,1
297,297.0,4,FailedPermanent,1,power_cap,4,FailedPermanent,-14.940000000000001,28.535726214928165,11,79,2.6803860160757016,32.953026791500164,3
298,298.0,4,FailedPermanent,1,power_cap,4,FailedPermanent,-14.940000000000001,26.10670343798819,6,79,0.32414197749844625,48.03546517228803,0
299,299.0,4,FailedPermanent,1,power_cap,4,FailedPermanent,-14.940000000000001,41.21596501457388,6,79,0.0,133.4886832094311,1
300,300.0,4,FailedPermanent,1,power_cap,4,FailedPermanent,-14.940000000000001,57.155763157416956,10,48,0.0,58.290539894169484,7
301,301.0,4,FailedPermanent,1,power_cap,4,FailedPermanent,-14.940000000000001,15.92404916345766,9,79,3.703506825396855,0.0,2
302,302.0,4,FailedPermanent,1,power_cap,4,FailedPermanent,-14.940000000000001,26.69525796059973,11,48,0.0,60.07017037300263,2
303,303.0,4,FailedPermanent,1,power_cap,4,FailedPermanent,-14.940000000000001,50.85480190568867,14,79,0.0,96.32818433678595,0
304,304.0,4,FailedPermanent,1,power_cap,4,FailedPermanent,-14.940000000000001,50.88222198132428,10,79,0.9747803666590729,27.99243543867279,1
305,305.0,4,FailedPermanent,1,power_cap,4,FailedPermanent,-14.940000000000001,38.106712652452714,5,79,3.1480167505943046,22.204680663287522,3
306,306.0,4,FailedPermanent,1,power_cap,4,FailedPermanent,-14.940000000000001,57.97613279562235,14,79,5.325478856353121,68.3727905076571,1
307,307.0,4,FailedPermanent,1,power_cap,4,FailedPermanent,-14.940000000000001,33.26803074165882,9,48,5.859279162435877,65.58177548454582,2
308,308.0,4,FailedPermanent,1,power_cap,4,FailedPermanent,-14.940000000000001,61.35562477420092,11,79,0.4528347693623257,109.1995271144167,1
309,309.0,4,FailedPermanent,1,power_cap,4,FailedPermanent,-14.940000000000001,42.59701192336167,6,31,14.151238548183931,32.787786173972876,2
310,310.0,4,FailedPermanent,1,power_cap,4,FailedPermanent,-14.940000000000001,23.336806627871123,5,79,4.07357160938984,75.74806148516207,1
311,311.0,4,FailedPermanent,1,power_cap,4,FailedPermanent,-14.940000000000001,46.90537552466997,8,48,7.520334662250938,28.58761612294607,4
312,312.0,4,FailedPermanent,1,power_cap,4,FailedPermanent,-14.940000000000001,53.79400090401352,11,79,4.825211150282517,30.171948849529592,3
313,313.0,4,FailedPermanent,1,power_cap,4,FailedPermanent,-14.940000000000001,46.69924450306708,5,48,0.0,0.0,3
314,314.0,4,FailedPermanent,1,power_cap,4,FailedPermanent,-14.940000000000001,39.17492120516974,12,48,10.065291843011513,60.46746877505525,4
315,315.0,4,FailedPermanent,1,power_cap,4,FailedPermanent,-14.940000000000001,40.26296972490813,6,79,2.030964435620248,43.51571991841442,3
316,316.0,4,FailedPermanent,1,power_cap,4,FailedPermanent,-14.940000000000001,24.272485886399767,19,79,8.740858359473997,120.11775437342595,1
317,317.0,4,FailedPermanent,1,power_cap,4,FailedPermanent,-14.940000000000001,32.41595887567166,9,79,5.488387569186916,8.73438007271103,1
318,318.0,4,FailedPermanent,1,power_cap,4,FailedPermanent,-14.940000000000001,16.953887058761673,9,79,0.0,102.10405376734248,2
319,319.0,4,FailedPermanent,1,power_cap,4,FailedPermanent,-14.940000000000001,35.0044139929379,13,79,2.898572980040509,18.997136916101198,2
320,320.0,4,FailedPermanent,1,power_cap,4,FailedPermanent,-14.940000000000001,29.53794409610422,7,79,2.4676441169599905,38.319667776142325,3
321,321.0,4,FailedPermanent,1,power_cap,4,FailedPermanent,-14.940000000000001,51.71166791856223,10,79,2.4921518311300597,50.00444138653683,4
322,322.0,4,FailedPermanent,1,power_cap,4,FailedPermanent,-14.940000000000001,52.04070126208982,12,48,1.920366367528304,99.96131561468093,1
323,323.0,4,FailedPermanent,1,power_cap,4,FailedPermanent,-14.940000000000001,48.37684880839156,11,31,11.516982542247263,65.60029973698279,1
324,324.0,4,FailedPermanent,1,power_cap,4,FailedPermanent,-14.940000000000001,36.237213002766495,10,31,1.8776595509142207,32.74488965982587,1
325,325.0,4,FailedPermanent,1,power_cap,4,FailedPermanent,-14.940000000000001,49.7839633575639,6,31,8.99278722895112,0.0,2
326,326.0,4,FailedPermanent,1,power_cap,4,FailedPermanent,-14.940000000000001,20.841537343637896,13,0,8.574329037014055,15.215762458850381,0
327,327.0,4,FailedPermanent,1,power_cap,4,FailedPermanent,-14.940000000000001,45.95267538638053,9,48,7.137677761634318,102.96103216485102,4
328,328.0,4,FailedPermanent,1,power_cap,4,FailedPermanent,-14.940000000000001,38.67473891967198,7,79,5.061935564827308,15.958975369976347,3
329,329.0,4,FailedPermanent,1,power_cap,4,FailedPermanent,-14.940000000000001,12.665910822559319,6,79,5.680214066769746,13.558024264307296,6
330,330.0,4,FailedPermanent,1,power_cap,4,FailedPermanent,-14.940000000000001,37.7801631732881,8,79,2.4035428555640928,81.85895944893832,4
331,331.0,4,FailedPermanent,1,power_cap,4,FailedPermanent,-14.940000000000001,49.756933644728,9,79,0.0,29.015610598924013,0
332,332.0,4,FailedPermanent,1,power_cap,4,FailedPermanent,-14.940000000000001,24.52542377949015,11,31,0.9680809523902785,118.1708827460644,2
333,333.0,4,FailedPermanent,1,power_cap,4,FailedPermanent,-14.940000000000001,45.75128352484623,9,79,7.495985753794712,92.84067704049605,1
334,334.0,4,FailedPermanent,1,power_cap,4,FailedPermanent,-14.940000000000001,52.20149623964036,8,0,8.353722594490192,45.26992697914503,2
335,335.0,4,FailedPermanent,1,power_cap,4,FailedPermanent,-14.940000000000001,55.380468820009426,10,0,13.720004315936379,63.01312871101257,0
336,336.0,4,FailedPermanent,1,power_cap,4,FailedPermanent,-14.940000000000001,31.661708213222393,15,79,5.658683403123802,23.863583528964874,4
337,337.0,4,FailedPermanent,1,power_cap,4,FailedPermanent,-14.940000000000001,55.16593537199852,11,79,0.0,32.66664770892082,1
338,338.0,4,FailedPermanent,1,power_cap,4,FailedPermanent,-14.940000000000001,33.39582902864318,10,79,0.0,63.66731413197954,3
339,339.0,4,FailedPermanent,1,power_cap,4,FailedPermanent,-14.940000000000001,51.89741629003402,8,48,4.919757841030952,51.806933196146794,0
340,340.0,4,FailedPermanent,1,power_cap,4,FailedPermanent,-14.940000000000001,32.9721277411952,8,48,0.0,0.0,2
341,341.0,4,FailedPermanent,1,power_cap,4,FailedPermanent,-14.940000000000001,40.79413001491284,10,48,0.0,90.0358103607534,2
342,342.0,4,FailedPermanent,1,power_cap,4,FailedPermanent,-14.940000000000001,45.570196554759576,9,79,0.0,59.44375776603988,1
343,343.0,4,FailedPermanent,1,power_cap,4,FailedPermanent,-14.940000000000001,33.100409863591835,10,79,0.0,39.33362773023926,2
344,344.0,4,FailedPermanent,1,power_cap,4,FailedPermanent,-14.940000000000001,27.39822120380664,7,79,0.0,68.05095896590136,2
345,345.0,4,FailedPermanent,1,power_cap,4,FailedPermanent,-14.940000000000001,49.14720659877265,7,0,5.369979520147604,65.20485829864032,0
346,346.0,4,FailedPermanent,1,power_cap,4,FailedPermanent,-14.940000000000001,62.21021376555346,12,48,2.5231393101543573,111.6772667889368,2
347,347.0,4,FailedPermanent,1,power_cap,4,FailedPermanent,-14.940000000000001,29.14170527374125,9,79,0.0,56.68731351063782,3
348,348.0,4,FailedPermanent,1,power_cap,4,FailedPermanent,-14.940000000000001,28.805877268201584,8,79,0.0,44.25246230564001,6
349,349.0,4,FailedPermanent,1,power_cap,4,FailedPermanent,-14.940000000000001,32.534059347675,7,79,6.997864077915641,93.47385252347706,4
350,350.0,4,FailedPermanent,1,power_cap,4,FailedPermanent,-14.940000000000001,44.85472590144905,16,79,0.0,65.69628370358387,4
351,351.0,4,FailedPermanent,1,power_cap,4,FailedPermanent,-14.940000000000001,44.660853630180725,12,31,8.044615222793988,71.71668420118826,1
352,352.0,4,FailedPermanent,1,power_cap,4,FailedPermanent,-14.940000000000001,23.71310994891767,8,48,5.243335023693809,31.751403035317697,1
353,353.0,4,FailedPermanent,1,power_cap,4,FailedPermanent,-14.940000000000001,31.98442032165539,13,48,0.0,62.44352744490158,4
354,354.0,4,FailedPermanent,1,power_cap,4,FailedPermanent,-14.940000000000001,34.826254606752855,8,79,0.0,80.40063587316224,2
355,355.0,4,FailedPermanent,1,power_cap,4,FailedPermanent,-14.940000000000001,38.70411186622147,11,79,2.8068684035654496,43.94840126631411,1
356,356.0,4,FailedPermanent,0,keep_running,4,FailedPermanent,-14.64,44.37947545745918,3,0,4.652640791141156,0.0,1
357,357.0,4,FailedPermanent,1,power_cap,4,FailedPermanent,-14.940000000000001,48.818603141534666,8,79,4.451468754571136,1.2095905910367044,2
358,358.0,4,FailedPermanent,1,power_cap,4,FailedPermanent,-14.940000000000001,39.899413398170026,4,48,0.0,57.11561575619703,2
359,359.0,4,FailedPermanent,1,power_cap,4,FailedPermanent,-14.940000000000001,53.27463674825308,6,48,6.892294013386903,85.98731714423809,3
360,360.0,4,FailedPermanent,1,power_cap,4,FailedPermanent,-14.940000000000001,33.18735827746376,12,79,4.746705575331873,15.736052282077821,2
361,361.0,4,FailedPermanent,1,power_cap,4,FailedPermanent,-14.940000000000001,46.938562779347144,19,79,1.3873608650335527,12.869644492745413,3
362,362.0,4,FailedPermanent,1,power_cap,4,FailedPermanent,-14.940000000000001,36.43289121854179,15,31,11.073645561712361,0.0,3
363,363.0,4,FailedPermanent,1,power_cap,4,FailedPermanent,-14.940000000000001,28.31006625036909,12,48,12.454234466600107,98.94747331663181,0
364,364.0,4,FailedPermanent,1,power_cap,4,FailedPermanent,-14.940000000000001,29.070530871135013,8,79,1.8790300650016096,98.37160514955089,3
365,365.0,4,FailedPermanent,1,power_cap,4,FailedPermanent,-14.940000000000001,44.303836849823895,7,79,5.812338466913973,0.0,1
366,366.0,4,FailedPermanent,1,power_cap,4,FailedPermanent,-14.940000000000001,43.25877626840326,11,79,6.917052544221638,13.744402503548434,3
367,367.0,4,FailedPermanent,1,power_cap,4,FailedPermanent,-14.940000000000001,33.618470460507325,9,79,3.168837879232817,28.546714169124044,3
368,368.0,4,FailedPermanent,1,power_cap,4,FailedPermanent,-14.940000000000001,42.399857239123136,11,79,0.0,76.90338191906253,2
369,369.0,4,FailedPermanent,1,power_cap,4,FailedPermanent,-14.940000000000001,38.774142613812955,10,79,0.0,79.04670494572821,3
370,370.0,4,FailedPermanent,1,power_cap,4,FailedPermanent,-14.940000000000001,51.52445032019602,11,79,5.656066356528353,0.0,4
371,371.0,4,FailedPermanent,1,power_cap,4,FailedPermanent,-14.940000000000001,31.134443759435918,11,79,0.057425324891558105,102.03890219780999,1
372,372.0,4,FailedPermanent,1,power_cap,4,FailedPermanent,-14.940000000000001,42.27722192732457,15,48,0.0,0.0,3
373,373.0,4,FailedPermanent,1,power_cap,4,FailedPermanent,-14.940000000000001,47.1329760331062,9,79,0.0,115.3223754265022,2
374,374.0,4,FailedPermanent,1,power_cap,4,FailedPermanent,-14.940000000000001,43.41444181339918,10,79,0.0,77.19840790520591,0
375,375.0,4,FailedPermanent,1,power_cap,4,FailedPermanent,-14.940000000000001,35.71763350594411,13,79,2.9193696509075346,22.296854131717296,1
376,376.0,4,FailedPermanent,1,power_cap,4,FailedPermanent,-14.940000000000001,44.18611427920566,12,79,5.141164288907968,45.03747650079593,3
377,377.0,4,FailedPermanent,1,power_cap,4,FailedPermanent,-14.940000000000001,27.875184387137885,11,79,0.0,28.35511950972965,1
378,378.0,4,FailedPermanent,1,power_cap,4,FailedPermanent,-14.940000000000001,28.96055154926348,12,79,1.8629375215276391,110.05819458721119,3
379,379.0,4,FailedPermanent,1,power_cap,4,FailedPermanent,-14.940000000000001,37.98944821313877,13,48,1.8423599423569612,74.61542958352126,3
380,380.0,4,FailedPermanent,1,power_cap,4,FailedPermanent,-14.940000000000001,46.62318362068711,9,48,3.615485256961467,0.0,2
381,381.0,4,FailedPermanent,1,power_cap,4,FailedPermanent,-14.940000000000001,35.53319855524955,13,79,10.909287821573391,85.81479300520694,1
382,382.0,4,FailedPermanent,1,power_cap,4,FailedPermanent,-14.940000000000001,38.24214079257217,12,79,0.0,72.01323135464447,2
383,383.0,4,FailedPermanent,1,power_cap,4,FailedPermanent,-14.940000000000001,34.55562708066862,7,79,0.0,92.52638242409304,1
