post_Healthy,post_Degraded,post_MaintenanceRequired,post_FailedRecoverable,post_FailedPermanent
0.9999999999999858,1.3769603279704507e-14,1.764539482683751e-17,2.8166777757961353e-21,6.185249087879269e-113
0.9998274088831196,0.00017255092013804146,4.019297581508029e-08,3.766581843770808e-12,6.640935310431896e-117
0.9537354200767078,0.04615968828114104,0.00010485170582486268,3.993632586445794e-08,1.6360871104399557e-89
0.9991527607066627,0.0008468575680525987,3.806356430723068e-07,1.089640683214786e-09,2.1784835193033188e-97
0.9999613098364344,3.8683232754561456e-05,6.902194220514398e-09,2.8615293126405192e-11,7.03021120559135e-107
0.997275085946156,0.002722717802123804,2.1960298769989625e-06,2.2184843352116135e-10,1.02512731414856e-109
0.9966700647824922,0.0033282102431506154,1.7249606077587096e-06,1.3743006646959274e-11,1.1088804946782904e-118
0.999941483102347,5.850684736357964e-05,1.0043387621698377e-08,6.908819308629517e-12,2.3545177752382312e-114
0.975734031368273,0.024231162009213103,3.480471184740424e-05,1.910667328691111e-09,6.789092227624097e-109
0.9998153878616984,0.00018456992054426447,4.21887058501797e-08,2.9046719191271728e-11,2.4922156657382117e-113
0.9997740315359804,0.000225915698113265,5.2762296756218536e-08,3.607386069945247e-12,3.0719736487873333e-124
0.9676197770123744,0.03232779973216778,5.242248057797514e-05,7.748785428629683e-10,5.325596353520714e-112
0.9998031649180058,0.00019679796683777186,3.7109981787825903e-08,5.1736064399580736e-12,3.185498083683457e-116
0.998618169443999,0.0013812127453733964,6.177797850435002e-07,3.083626277135666e-11,6.701182828476658e-104
7.49976647978058e-11,0.060576160560991583,0.9393685007142447,5.533864976881932e-05,5.240536058135354e-96
2.0219717165561436e-59,6.813903504984294e-27,5.917793603586439e-16,0.9999999999968168,3.1847306116787993e-12
0.9999914371109901,3.519808161416397e-14,8.560832872644559e-06,2.056096215408231e-09,5.46434321684297e-112
0.975118678589585,0.024842520908249205,3.8799639547872884e-05,8.626084395584618e-10,3.0517649916046766e-107
0.9995441609132683,0.00045569227253705895,1.4674364884214252e-07,7.05343119990925e-11,1.5370441437723048e-100
0.9996600985665917,0.0003397926248738883,1.0879385762153733e-07,1.4676690637265534e-11,1.8988775680870484e-106
0.0038088134297092472,0.962905897728976,0.033285236264312006,5.257700158054983e-08,9.55709676776568e-113
3.9184091300760827e-10,0.1760952248963499,0.8237165608319974,0.00018821387980126606,3.928155603625709e-94
0.9571141217473617,0.0424908268354011,0.0003950411439556833,1.027327852301012e-08,1.8150800208273625e-108
0.9972982091052756,0.0027007037639643215,1.0871043397539177e-06,2.640616885868845e-11,9.558441380070302e-112
0.9996082178606459,0.0003916739329685271,1.082029875936818e-07,3.4110033679135403e-12,1.4464363577999707e-121
0.9998896857042424,0.00011029223296561285,2.2058058498855518e-08,4.749101360796467e-12,5.103376457499437e-119
0.9998814320055942,0.00011854115369258088,2.6797552990637142e-08,4.313567220384946e-11,4.567708159047402e-103
0.9993989861465997,0.0006008021070476666,2.117378924661839e-07,8.479935864702109e-12,3.8909071211107786e-110
0.9999227533515058,7.723200718901347e-05,1.463580137481195e-08,5.486545395158354e-12,1.2232230121696634e-114
0.9983963496862676,0.0016025354318564438,1.1143913806964169e-06,4.905058228631204e-10,1.6715556188208334e-105
0.9988880001479961,0.0011114327003427847,5.670674346385862e-07,8.421324295070173e-11,2.7152886389026506e-104
0.9996950518735489,0.0003048673002851521,8.082110759655421e-08,5.035670332920197e-12,3.932455522628537e-120
0.9999778638421181,2.2133360015804938e-05,2.6598162677283025e-09,1.3805322111003104e-10,1.0338222278324799e-118
0.9995482848555812,0.00045156944175188363,1.456958912643823e-07,6.773403815782935e-12,1.5589549687689835e-111
0.014135834989034701,0.9664761584791994,0.019387143872527775,8.626592477679439e-07,2.958723343031394e-88
2.4779813026134315e-07,0.9125266859849263,0.08747294603724033,1.2017967936586766e-07,4.1738507128837647e-107
0.007891077091200885,0.987753780788628,0.004355112506196998,2.9613981007097954e-08,4.801763329506012e-118
4.935167183823788e-17,0.6795150108845871,0.3204640098340854,2.097928130193058e-05,2.2730667379756642e-98
0.02152804848170354,0.9733758578995632,0.00509608974199023,3.876758551917852e-09,2.1632071219895628e-126
0.0002512026371533627,0.9832555990890638,0.016491813722766483,1.384550995711463e-06,3.841878160518944e-95
3.756411792224487e-05,0.9895841202155488,0.010378233037526732,8.262896556636307e-08,1.2573705669443272e-101
0.00010789899800794984,0.9902935901440536,0.00959850848483032,2.3731262399971556e-09,1.57202178559882e-125
0.7867705046957063,0.2131730586736808,5.643601597325355e-05,6.146680912450352e-10,1.318295642723627e-110
0.8977494425764274,0.1020277205760539,0.00022259955452948171,2.372929831435837e-07,5.55285674214436e-103
0.9817474964281832,0.01824218074818979,1.0322529691554442e-05,2.9388939521411704e-10,2.027474661746476e-100
0.9993245961881088,0.0006751924725079988,2.1132933510641174e-07,1.00810311736733e-11,2.428509213248093e-109
0.9914765284907137,0.008515307472291133,8.163502192583611e-06,5.348014496101578e-10,2.418757472777663e-103
0.009212775741910751,0.9696003800466285,0.021186527744319228,3.1646716960750503e-07,4.711131720896555e-91
0.0001637653570461342,0.9869575886516154,0.012878608490548882,3.7500827750290105e-08,2.7608437058344596e-103
1.8946139414034795e-05,0.9836527893670474,0.01632822873370791,3.575978579996041e-08,2.941815546556958e-110
2.4595290051607753e-13,0.1608784186890267,0.8346885379405425,0.004433043370232026,1.6576072571332228e-68
4.0341156110798664e-16,0.0008794926590663414,0.9990087230451699,0.00011178429571515953,2.6721206788171975e-86
7.172691866809363e-16,7.0816750672131e-06,0.9999914550284225,1.4632965473346236e-06,9.615124494755198e-112
3.803376691297269e-11,2.382053617500187e-06,0.9999533166060398,4.4301302349194876e-05,8.414283253737573e-80
0.9999991875440518,5.504972542390017e-09,8.067065090994383e-07,2.444869394736153e-10,4.842695819650761e-114
0.999818835467739,0.000181120259325028,4.4267937006816166e-08,5.035849859671034e-12,3.5886245710718417e-115
0.9998326398113629,0.0001673172145798375,4.296174761782136e-08,1.2361893377215847e-11,3.936410502086288e-114
0.9997987406240167,0.00020121000111407496,4.93687970044425e-08,6.128543498952837e-12,3.3205024412544873e-116
0.9998812692373512,0.00011870150070197722,2.9221861506869158e-08,4.013948683941216e-11,1.756360956114499e-101
0.9961809370147608,0.0038167576952922028,2.30510909226949e-06,1.808259554357419e-10,7.343204392843346e-107
0.9940674168091139,0.005924977893553659,7.597320151301204e-06,7.977167145611104e-09,2.103734798329174e-94
0.9999589321940667,4.106099105374646e-05,6.795441253044488e-09,1.940609276264503e-11,4.130181008083179e-112
0.9998478074625599,0.00015215750022475784,3.4824853036854846e-08,2.1237923519478674e-10,1.6171829227449015e-106
0.9999368419960608,6.314647664173339e-05,1.1520201371096038e-08,7.145664002842673e-12,3.0744237365990728e-115
0.9997562185131768,0.00024370417896748335,7.728144746913328e-08,2.6385050534210185e-11,2.806729351994127e-105
0.9794369229571743,0.020542951690064024,2.0125239454312205e-05,1.1325385777708933e-10,1.3776129962968939e-105
0.9998641654075148,0.0001358089931813881,2.5591916187356397e-08,7.372936027363574e-12,1.1794782033458779e-111
0.9997861642995598,0.00021378059237656284,5.510296328054197e-08,5.139033775231656e-12,2.5790955870943949e-113
0.9982338354717042,0.0017653085201470788,8.557931117315455e-07,2.1501401575075503e-10,1.4269385837753006e-96
0.9976344612532253,0.0023637063092104525,1.8320892204820251e-06,3.4838855063632686e-10,3.0902448509979806e-106
0.998696392155248,0.0013030616614038914,5.461739957569315e-07,9.345717856709739e-12,2.6202311736886847e-111
0.9992316193953533,0.0007680812584794535,2.993283247293991e-07,1.7888364107661697e-11,1.2593314733063569e-105
0.9999042409719714,9.574164945532551e-05,1.7372463527083894e-08,6.07413322061794e-12,1.8820149538892683e-124
0.9935640426069224,0.006427648281484326,8.298866625409392e-06,1.0244955209019146e-08,2.5612771363220196e-92
0.9995238425669533,0.000476025659694629,1.3176584313141523e-07,7.503185265893647e-12,5.233302727711003e-123
0.997044398926054,0.002953091275634569,2.5093490604540994e-06,4.4923925008197216e-10,1.6388758451295726e-113
0.9897198886951601,0.010266949541758252,1.3160500198014738e-05,1.2628561566027078e-09,1.1459569478610816e-107
0.9993879967753052,0.0006117904180963859,2.127873852378152e-07,1.9165204192052747e-11,4.938583209394662e-106
0.9976101629865424,0.002388578683805465,1.258307703496241e-06,2.1934511629526398e-11,2.7211822067572157e-107
0.998155374230496,0.0018438947378464007,7.310245689316746e-07,7.114036475289251e-12,5.278064035258716e-130
0.9992482173063523,0.0007515232567347877,2.5943053796609145e-07,6.398542897825933e-12,7.958994479853542e-128
0.9976206505246747,0.002378108894286825,1.2405281083553722e-06,5.295947321018356e-11,1.1306502079214425e-117
0.9945545436631904,0.005441960993551169,3.495309200498808e-06,3.401315527589278e-11,1.000133825484868e-106
0.9976882986838868,0.0023106023423989136,1.0989633157544963e-06,1.0450980087930792e-11,2.070194005924978e-113
0.9997010985365433,0.00029881882949750726,8.26229125007068e-08,1.0955728672306646e-11,1.7430849337365704e-109
0.9996486633468532,0.0003512369096572383,9.973957012908668e-08,3.960611624262298e-12,1.0383265716578171e-117
0.5898946750437899,0.4086050738885401,0.0015002493542746877,1.7133620590674348e-09,4.0347908855793237e-119
0.9778568015493528,0.02213554699006647,7.64866735104815e-06,2.7931618574766495e-09,2.3990947707406376e-92
0.9990033224709546,0.0009963512149941984,3.2630597200816573e-07,8.15822412399556e-12,8.938494787208303e-112
0.9962871810522932,0.0037105279970972137,2.290903851382645e-06,4.667864515173866e-11,1.5312824248122187e-104
0.999673970625811,0.00032595879906862366,7.055932488043818e-08,1.5882974560557653e-11,1.2457243912728744e-134
0.9997362436634482,0.0002636913405087156,6.499237807037163e-08,3.681319727237345e-12,4.909565079059272e-123
0.49925469977213294,0.4986275168306585,0.0021177678602445054,1.553689938743099e-08,1.877043236649495e-98
0.9985499051772855,0.0014499240834365502,1.706857775157913e-07,5.342220803969173e-11,1.3964378593297902e-110
0.9993052271124813,0.0006943487513943659,4.2301201091555697e-07,1.1241070653269533e-09,2.3767947498928786e-115
0.9999426466328629,5.7338763246876324e-05,1.4412793079739458e-08,1.912016614063852e-10,2.4018290631278594e-101
0.9997603756643683,0.00023955552073526106,6.88040047040403e-08,1.083576289482332e-11,2.1924828978531e-108
0.9852847648740843,0.0147041347185494,1.1100380180067282e-05,2.7250121857191583e-11,7.245176975081093e-125
0.9997183976431736,0.00028152978763684293,7.256012569989079e-08,9.160376581258338e-12,3.770126425879919e-110
6.442180780940291e-07,0.7280083401333517,0.2719909541729938,6.147552587087046e-08,3.7572512037114076e-114
1.1773383927737601e-05,0.9355748462039759,0.06441333022323406,5.0188860243715065e-08,7.823424647061669e-109
2.0312250423826845e-05,0.9519445093870081,0.0480346579100516,5.204525858923503e-07,1.447834722469793e-109
0.07898180553640212,0.9202129063081538,0.0008050522515967103,2.3590389904808344e-07,1.008535438859529e-84
5.015090244195862e-32,0.00027862110665798876,0.9897073737924272,0.010014005100838492,1.6431548446376212e-77
1.7225192785449022e-14,4.681584017451702e-06,0.9999856330202658,9.6853955940852e-06,1.7242013034025063e-90
0.9999991926712103,1.0604857981680986e-08,7.963560317316411e-07,3.678322194192495e-10,1.8479217449524317e-107
0.9983110339848121,0.001688205761898144,7.602465751988254e-07,6.745538747982945e-12,2.1501533526741502e-116
0.9997403730256763,0.0002595503058960736,7.66221994318406e-08,4.6230319689187294e-11,2.2484441963653585e-100
0.9948772272829552,0.00511470975445623,8.047091246046093e-06,1.5871268330854566e-08,4.623472815298632e-96
0.9998545076901943,0.00014546068188979813,3.1623125728164474e-08,4.861134994545693e-12,3.2199368104661063e-115
0.9999234057605961,7.658105942579651e-05,1.3174046802424026e-08,5.853834401212658e-12,7.163212961614531e-123
0.9995816983235436,0.0004181999739904707,1.01690316577886e-07,1.2199840646447358e-11,1.2474386041005151e-133
0.9837969816678005,0.01618771113995429,1.5306863090586148e-05,3.2917722470388623e-10,1.6663765352146312e-97
0.9733763180783824,0.02658940316903544,3.4278424119217285e-05,3.284665089846519e-10,8.056851469958881e-127
0.9819716614014414,0.01801550580351687,1.2832756141906137e-05,3.883870111681701e-11,4.300870374763068e-113
0.999788389986068,0.00021155475918726714,5.522545282818218e-08,2.940299072741777e-11,8.330585628889055e-105
0.9993288006838237,0.0006709528968984129,2.463982978052243e-07,2.092727434716991e-11,1.2539005976847232e-104
8.747787111986877e-12,0.08355383855912984,0.9164361426199826,1.0018812029212951e-05,1.4109832896578988e-104
5.513252919113083e-84,4.221294761572289e-28,6.097970953055394e-16,1.0,4.667014720983404e-18
6.990529178060416e-15,5.556507846778186e-14,0.9999959982547387,4.001745261191336e-06,1.135501641856744e-103
1.6659582071094779e-12,6.5090402571681e-13,0.9999975143372437,2.485660426046454e-06,1.3396082066563031e-79
5.591776733618782e-140,4.3260867755603364e-79,1.2145615257310189e-46,8.125695831826663e-05,0.9999187430417493
1.0050148945717263e-137,3.535679786814639e-82,2.1853410459272344e-53,1.4566525913608422e-10,0.9999999998542535
1.4335686551313069e-136,1.0515180797989578e-71,1.912336556927396e-48,1.5752140038765862e-12,0.9999999999984084
9.082471909660662e-133,4.800413519874685e-71,1.764813564019133e-51,9.650676058740274e-15,1.0
7.740339582718416e-178,6.050492430208703e-101,7.836237537631235e-76,4.6819886062744985e-23,1.0
1.3618908835331477e-147,1.5327560566840673e-75,5.23588996552617e-55,1.0654116557935903e-15,1.0
3.354062810850052e-169,5.915322285848729e-89,6.035663213559302e-66,2.6556116620797324e-20,1.0
1.6632463312825122e-163,4.049587900212511e-90,2.567031156024663e-65,8.50555477406724e-19,1.0
6.790348810855369e-172,3.7479189432993966e-92,1.8298091962300324e-68,5.754441580134983e-19,1.0
7.42123336242399e-176,3.0477346854374687e-96,1.5687026005291184e-73,3.9006498119573953e-22,1.0
6.268820548535855e-155,4.0343406145643567e-81,1.675905496315259e-58,6.501071630807563e-17,1.0
4.168330693744605e-157,1.1387354030708268e-76,1.8079911387137977e-52,2.5681128091147298e-14,1.0
1.3587975267571316e-156,9.424076640740416e-86,2.7232201086671912e-65,1.2614820365104725e-18,1.0
4.296031125436178e-171,1.7019060535853406e-87,1.4220185448681195e-61,6.492005339358468e-18,1.0
5.862860730124867e-162,6.387219821398598e-85,8.786974422698862e-63,5.850732409554616e-19,1.0
1.025841010471861e-158,1.510795351672037e-82,1.0180722279331104e-60,4.811344457704569e-18,1.0
1.092443501081787e-183,1.94818829748029e-101,1.380987631224511e-76,3.3198401724968396e-23,1.0
3.079767321285711e-159,1.7283747374233618e-90,8.52252333011423e-68,7.390177287389486e-19,1.0
6.0209017092097786e-151,4.550073009140569e-83,2.1492635289196549e-60,3.825963598752037e-17,1.0
1.9610650373300277e-170,4.3488832621551035e-94,9.269660994548759e-71,1.8712608596788024e-20,1.0
2.0265167248865587e-144,2.794723069924841e-76,1.1803437593274459e-55,1.869661018041643e-16,1.0
3.490477128409695e-131,2.5356737385414037e-67,2.312190454471912e-46,3.867910954343368e-13,0.9999999999995453
6.675458061455074e-164,2.838740259104195e-92,5.542292352591786e-70,6.144479814521153e-20,1.0
1.529065938303346e-174,6.479553677647124e-95,5.214431588757299e-72,9.677713336732779e-21,1.0
4.4839255245579646e-164,1.7337159308190249e-93,3.5670135592506526e-71,7.139841803062743e-21,1.0
3.900503453872442e-154,4.6561474547333093e-82,1.8627687538526972e-61,1.6624317996777952e-18,1.0
1.2436541919456644e-167,2.4406373805519073e-92,6.18705537626678e-67,1.4706303820064074e-19,1.0
5.806716687587521e-151,1.1108671753735475e-77,6.470710523321216e-56,1.8214285587879515e-17,1.0
7.999161835187322e-199,4.982855880067047e-109,1.163221385694691e-81,8.659765682058866e-24,1.0
3.271497589768379e-169,9.552114562054744e-92,7.497740632699209e-64,8.524468255639082e-19,1.0
1.7021969736759287e-158,3.4794344551072154e-81,2.7046108589940234e-58,2.8268721200368636e-16,1.0
4.0544418598610383e-178,2.017583352009298e-100,1.4600676686317566e-74,3.843752806451778e-22,1.0
4.730526728727827e-177,3.99205739188092e-93,2.2054851162436335e-66,6.53517685883186e-20,1.0
6.21714054467799e-150,4.113017899428296e-77,1.3955746151620803e-55,1.4755901225470654e-16,1.0
1.5909214432264218e-165,2.5053229000099077e-84,2.5304634590639926e-59,1.4677479322365568e-15,1.0
9.771861068688129e-163,3.380152030410492e-83,1.0806136030010356e-58,2.2837474780996883e-17,1.0
2.458012683090437e-173,3.0260127548990077e-93,7.353339366315783e-70,3.4931055427957256e-21,1.0
1.077033385887887e-176,1.506541825790206e-105,5.983328634001145e-83,7.9855768827476505e-25,1.0
1.7922813025240984e-122,1.31955291657781e-71,7.069330821313944e-55,6.61103407759909e-16,1.0
1.2734985396713105e-179,1.3608889786937688e-98,6.437790461322152e-74,1.3495910347591897e-22,1.0
5.796484211390836e-181,5.4340651304916275e-102,6.72036227704375e-77,1.634581577191359e-21,1.0
1.9013354374827986e-167,1.6200982301268533e-89,3.371091299037773e-66,7.325388902289132e-20,1.0
5.744670514795484e-174,9.74370642782436e-94,3.6977247441310497e-70,2.2608666236823556e-20,1.0
2.0424298369723486e-153,1.0423703493076328e-75,3.2389736344122376e-52,1.6713512214222013e-13,1.0
3.8792718085628905e-145,3.0287755615631463e-79,8.645617782851109e-58,3.510013115404888e-16,1.0
7.558835314599035e-161,6.927167400722336e-87,3.078048293066962e-64,4.33873435239734e-19,1.0
9.772994691794598e-173,8.943397795338943e-93,2.4796570194879824e-70,2.185398078613771e-21,1.0
2.4579101337673922e-147,1.186925288446099e-76,2.669458446419894e-56,1.6160418418324878e-16,1.0
1.0221204675713852e-182,3.8465554552542004e-99,4.692317052903248e-75,1.3228641323257768e-22,1.0
1.1604784518121373e-108,4.735061978888037e-59,3.018926322060441e-42,2.535238096192406e-12,0.9999999999972715
5.854425301476496e-139,2.9931109176319343e-74,7.404017957481104e-53,5.43700025770574e-16,1.0
3.4975978691605473e-152,4.130285836433501e-82,9.877918702522296e-59,1.9121881510628374e-17,1.0
8.825932954711734e-154,3.3772651338472997e-75,1.1263285284644194e-51,1.384008528939747e-13,1.0
9.483570850020064e-169,1.3311991058455965e-91,4.2000722731417473e-69,6.202923927924613e-19,1.0
9.055639706703045e-141,4.065122327608141e-74,7.299593877266356e-53,9.592782613338825e-14,1.0
2.193363729276041e-157,4.0104963404736985e-84,7.281118092169933e-59,3.0287196231258743e-16,1.0
9.607050663287748e-152,1.0462836066152721e-78,1.124331314306579e-53,4.178189424007747e-15,1.0
6.613151384700585e-155,7.991265498118224e-82,9.43991423659695e-59,4.0740534089727554e-16,1.0
1.1813224961988992e-166,5.184874057045734e-93,1.998023903780064e-68,5.492612676156281e-20,1.0
1.1717110068755268e-137,2.1688450049580338e-74,1.5492439873936275e-52,3.850266874040351e-15,1.0
5.419067163326806e-119,2.9889016991209226e-63,1.584218972682413e-45,5.583606125397183e-13,0.9999999999995453
1.4430005297307368e-174,3.814216435491586e-95,8.212973044236012e-72,3.051037554530473e-22,1.0
1.98520807895282e-155,2.7009084811140113e-87,5.655583820881205e-65,2.143427656529024e-18,1.0
3.3446287174909064e-149,1.3773176820639345e-79,1.9393524639988126e-58,1.6242416347696982e-16,1.0
1.6703417447650956e-172,1.1259143058650619e-88,2.1607421234789023e-62,3.83424630209975e-17,1.0
9.64871954724777e-170,5.904274642460165e-93,1.8334262350113308e-70,3.3838151789580786e-20,1.0
2.4684430054065673e-153,4.387269353348515e-84,3.4632596949292485e-61,9.2279423875801e-18,1.0
7.894537768654928e-148,1.314708783900967e-85,6.46234223338118e-64,5.630957283473109e-19,1.0
1.3447570171448207e-150,7.824813878128317e-84,1.6991264036439757e-62,1.0375577258834647e-17,1.0
3.8917625002468645e-176,2.111779652626516e-92,1.470093910569625e-66,9.594287514985594e-19,1.0
8.837531299343099e-177,9.168261893402374e-92,6.120215931301783e-65,1.7930776240039163e-17,1.0
1.3361623276402627e-197,7.287044047164261e-114,2.2003763732120977e-86,3.744038874727898e-25,1.0
9.931814036395746e-164,6.173001787676873e-87,3.0443773430390764e-63,4.589374815164906e-17,1.0
7.585568819752229e-142,4.032665464119458e-74,4.0450517558848606e-54,1.4676490350158343e-15,1.0
1.8940892021502187e-165,2.046433772698478e-90,5.161971609002456e-69,1.491997433128763e-20,1.0
3.3637461635287483e-152,2.7827798160961277e-83,1.0867592604401782e-60,4.277735594102189e-18,1.0
6.712184505810568e-140,1.7334921655647573e-67,1.372063249432998e-45,6.490076219322357e-14,1.0
7.530115815757535e-162,1.6033066307847059e-83,5.786259775741907e-60,1.0663107705472064e-15,1.0
8.323515956998512e-169,3.003367886722782e-96,2.420282409839178e-71,4.9885892478897394e-20,1.0
6.418212492474803e-167,7.837348475164046e-86,7.23671538021089e-61,4.739632214482199e-17,1.0
9.505715873407485e-141,1.6890482212966998e-76,3.9995895421803347e-56,1.924178924452305e-16,1.0
3.898086999776692e-172,1.1323046398140775e-93,2.6287072710342573e-69,1.438841794735127e-19,1.0
1.7836125249547307e-169,1.0969542962014546e-97,1.4352962512272635e-72,4.3518967344131735e-21,1.0
1.9652030676455978e-144,1.1169275112006175e-76,6.711292850855144e-53,6.401238701897934e-14,1.0
2.932231630359575e-174,6.670478673270356e-92,6.21892445017177e-67,3.1538792537013257e-19,1.0
7.040407236724542e-168,6.808095262956239e-88,1.2177113596258563e-63,2.5378477432849555e-17,1.0
5.3410520914819483e-138,5.289313342465163e-74,8.65170165167309e-52,3.5836090270863265e-15,1.0
1.582081098082101e-155,3.3104776418219215e-80,5.8194540218741815e-58,1.5093930842773157e-17,1.0
1.0674001568724408e-189,1.0261311076877081e-104,7.579788325994834e-80,6.235677355403842e-23,1.0
5.136107328030196e-170,4.2642743651478645e-89,3.318884735405821e-64,3.71317942843752e-17,1.0
1.2889495574917074e-147,2.4794655889842303e-76,4.157923672482657e-54,2.130429635515141e-15,1.0
1.4616474766536675e-165,1.0754499230839215e-88,4.288430325118725e-66,8.289404065289048e-19,1.0
1.5973378737552486e-157,1.5948351702201293e-81,1.1501526361300456e-59,1.1980326721070515e-17,1.0
1.62212765087961e-165,6.323425366532603e-90,3.072622719319204e-63,4.3377721055887905e-17,1.0
2.663253932226925e-194,3.9245084204016235e-109,8.89652674970162e-84,4.188382342876258e-24,1.0
8.732600902262105e-181,6.60105874402709e-100,6.1592951263033846e-71,1.47536365036516e-19,1.0
7.320125099533904e-173,5.017788366630552e-98,4.1239204080355604e-73,3.0246997628229763e-20,1.0
4.333026204733281e-144,1.1937368028493187e-77,7.053692812940364e-55,1.2643067558347773e-16,1.0
1.8766501319075347e-141,2.0329059969125254e-75,4.217162201205474e-56,9.461501479592914e-16,1.0
2.4239259734136574e-152,6.38992536731366e-85,6.663904656646949e-63,2.16674371916237e-17,1.0
5.890727014423462e-156,9.232446130578128e-81,2.798587998410734e-59,1.7952236967788795e-17,1.0
7.356393860248028e-175,3.7782218010620716e-92,8.508331077203773e-67,1.539107596159132e-18,1.0
5.533611073236241e-173,1.4988770329806998e-98,9.15802953231933e-73,4.55920918285214e-20,1.0
1.4239933903474132e-141,5.640000387779002e-79,4.544106455584013e-58,4.84303234566346e-17,1.0
1.407242456022803e-197,1.4535423110032546e-106,3.626157398059404e-78,5.207447412549995e-23,1.0
3.3355165288244876e-167,1.0900062022236334e-89,8.738428020000127e-67,5.000671192810035e-18,1.0
1.507032028041325e-169,3.838230953867084e-89,4.236259564016256e-65,3.9299052736238e-19,1.0
3.869791468303983e-157,4.33489473387415e-79,1.1354042439653483e-54,1.2693854116167321e-15,1.0
7.427652171868814e-140,5.15755152087592e-70,1.2704372311191828e-49,2.0797082288316985e-15,1.0
1.3511287242061904e-147,1.9065034838961957e-81,6.075138077297276e-60,5.2567247162996786e-18,1.0
6.403845457155813e-174,8.43057213807056e-100,9.664808163417649e-74,2.9127136391764994e-22,1.0
1.5573619305662984e-163,1.2249164257898049e-86,2.175989289789125e-63,2.1369904151787275e-18,1.0
1.1442517704012805e-158,5.118785591209257e-89,1.0026140755496061e-65,6.218535337071794e-20,1.0
4.218062407792832e-176,3.332400763569184e-94,5.097185488988869e-70,1.7153733600907824e-21,1.0
2.030534212632413e-116,2.656482137750253e-61,2.953513435768252e-44,4.780573294681718e-13,0.9999999999995453
2.3923940890836087e-178,3.6459138083652505e-95,9.393833749182885e-70,6.547069469909911e-20,1.0
5.855605776185589e-187,2.2289009903936178e-100,5.778218153820424e-74,1.0190836677262514e-21,1.0
5.682718575329145e-186,3.917242183027779e-104,1.3032560473546037e-79,3.7343235153797545e-23,1.0
2.111065537114893e-188,1.0918106272427103e-100,5.006597316094522e-73,1.0272391909622513e-20,1.0
5.165109089670152e-172,1.7752145000741688e-94,2.8940670389001704e-69,3.510391123716017e-19,1.0
1.140952402594296e-167,2.5679502811390137e-88,8.594558154702476e-63,3.017527881344763e-17,1.0
3.0949958681974396e-161,3.0849220445236435e-81,5.15171337138989e-57,2.887352291218936e-16,1.0
1.5101091738217342e-127,2.4781006454716706e-65,3.881358455330387e-46,4.3866221095226867e-13,0.9999999999995453
1.8825067202049037e-161,2.722668522307852e-86,1.2513247429462115e-64,2.2738639818561776e-19,1.0
1.2766230957273456e-180,2.5913604328599505e-102,1.6828648444811782e-75,1.0926783861942473e-20,1.0
1.64323906774221e-169,1.2846589419967601e-95,7.276452740861602e-71,1.0312364001066512e-19,1.0
1.4767232659980514e-167,8.472734939245948e-93,2.0286774314641322e-67,6.710449127156157e-20,1.0
3.153598583044456e-159,3.464472712714554e-80,1.5585434645309846e-56,2.602986976730443e-16,1.0
2.4976744884983303e-167,3.4500320687710914e-94,1.1457587249206111e-70,2.394991830446105e-21,1.0
3.2472844963100973e-149,3.044667204993501e-82,5.799807868908034e-60,3.090468700495745e-18,1.0
6.083964616984939e-168,3.17630566406523e-90,6.361360226675943e-68,7.55737558828754e-20,1.0
7.813291284384113e-164,1.0058153313856923e-87,4.457301066663771e-63,7.735523700142988e-19,1.0
9.8539351126551e-174,1.7244211892018777e-100,3.98767907643718e-76,2.0379589620953124e-22,1.0
8.661308198018078e-167,1.9029180888593661e-85,2.095418932397474e-60,1.0411093522506543e-16,1.0
4.947373858942416e-157,5.123751202884724e-84,5.258028074955364e-61,4.3153605570225776e-17,1.0
5.482305732792158e-175,3.334316685108963e-96,1.4059255191907342e-73,1.6610103087835215e-21,1.0
9.3146263451566e-153,3.582980559607422e-83,3.635106914382208e-60,6.37680160518137e-18,1.0
1.2676636798203196e-160,1.8827018334246903e-83,1.3780329981368207e-60,4.633821065581821e-17,1.0
8.718361998768076e-164,2.691413172714827e-86,1.8000967210621755e-62,1.3841617006566317e-18,1.0
2.0424692095688073e-168,9.334390911261686e-89,1.9281037168363268e-65,1.7968416020746147e-19,1.0
9.56416144196662e-202,7.620191691320149e-115,1.2451358073032533e-88,1.6773845924200972e-26,1.0
9.441775792405047e-175,4.292355501463989e-95,3.7135671779074596e-72,3.9938876915011303e-22,1.0
3.936778221573628e-167,1.0288472068631563e-88,1.1731848208145088e-64,1.933405605151181e-18,1.0
2.8745123952975964e-131,8.718508475126017e-68,1.55588482784118e-49,2.608724512248733e-15,1.0
4.553840464129701e-194,7.7833303058339e-105,6.220447930172371e-77,5.4208423271146355e-22,1.0
4.433874798222256e-177,4.455578012821836e-96,7.714483773837116e-71,6.780804057811814e-21,1.0
2.237375488993078e-137,5.8118346119409295e-78,1.672928517112709e-58,2.986870244012376e-17,1.0
2.3364509813011064e-183,9.818401823792421e-100,9.544110421517916e-77,1.88834708193622e-23,1.0
7.76918120111712e-161,2.7439808715039986e-80,2.7596308001743912e-55,1.0983938842164793e-15,1.0
1.6028468900538968e-150,1.4144943933165125e-77,1.1035947805325875e-55,4.172617721188071e-16,1.0
1.6605448570945827e-182,5.596464996212621e-98,5.187524056316568e-72,7.102994297069282e-20,1.0
3.8944549965337025e-165,2.5007601525433166e-87,3.100493245257446e-63,6.238921554872636e-18,1.0
2.7921232855753446e-164,1.4247088416910394e-85,3.932260618648418e-60,8.913058414240802e-18,1.0
3.168357996807172e-122,3.8595959533279045e-67,1.1171921534520646e-48,1.3900478957247078e-13,1.0
2.8105582000050925e-135,2.6308767369243275e-71,5.003276221233048e-49,2.241861128409834e-13,1.0
3.225163381133674e-155,1.8785920136150668e-81,5.497899319577679e-58,4.3359697025028787e-17,1.0
1.1853749560983034e-164,1.0472412304428322e-86,1.956649502701618e-63,1.1435508369231862e-17,1.0
1.5031224867448201e-168,5.24536366618753e-92,2.8526422067889237e-70,3.83382930317025e-21,1.0
2.680771867175527e-164,1.210090331252133e-85,3.245823667963714e-61,1.640278754795225e-17,1.0
6.215682038682784e-175,4.4541673727775734e-91,3.156022096947313e-65,1.2160517740906722e-19,1.0
5.889766362455596e-147,7.294390087128232e-76,2.362300576874314e-56,1.6697511491924578e-16,1.0
1.5232087618559768e-148,5.633232981613103e-76,6.56143705725971e-55,1.1579009804907878e-16,1.0
1.4664446469104281e-151,5.59292983639011e-77,8.447950566689525e-56,7.866167990989438e-17,1.0
1.278515123143333e-156,3.722412351359754e-83,3.996509403720325e-59,4.090719274612362e-17,1.0
4.212561927786143e-185,2.243063386279108e-98,4.982021690363702e-72,5.953632556223907e-22,1.0
3.3907448130614293e-174,5.498844670095989e-98,2.176289319078279e-71,2.0103339865671235e-21,1.0
1.348850374157051e-178,2.547860528791769e-103,1.263840729184445e-78,6.293899525772948e-22,1.0
1.0492048187732514e-165,7.862153025517057e-87,1.8105057846263646e-63,8.608619921155671e-19,1.0
1.5486908295059598e-178,8.289845725858102e-97,4.387512762881059e-73,1.2400731092462582e-21,1.0
3.8157738053845306e-165,1.2097832694622931e-86,4.217374906687108e-62,4.212908974415087e-18,1.0
1.4309198190209368e-172,2.8710612295315707e-98,5.156458028621833e-74,3.2770431061343298e-21,1.0
7.393503451357408e-164,4.145378894415516e-90,1.227447196742322e-69,7.460589524964017e-21,1.0
3.479746053214271e-170,4.507379757015975e-96,3.6059941551880684e-71,1.3325539223624475e-19,1.0
3.709278502705217e-153,2.7341357743295867e-84,1.7090175339047757e-63,4.945226430694254e-18,1.0
4.191630960564726e-168,5.932489359718928e-92,2.0666274899849094e-69,8.865982530904649e-21,1.0
1.61287976951801e-169,2.1197306342666134e-93,1.0681566041540056e-71,7.068017369597917e-21,1.0
2.8721492444946743e-173,2.5632958681953173e-95,2.6914098710192724e-71,1.0892446370153688e-20,1.0
1.0565278206398543e-179,7.110817918996106e-98,3.521682285586012e-74,1.133025393111219e-21,1.0
1.1811695039853629e-141,1.4155747589434905e-81,8.34469434310662e-62,3.7082659172086343e-17,1.0
3.84230451969562e-200,8.660805167417181e-108,3.0991248554907913e-78,3.7162437106706585e-22,1.0
3.026818292658311e-160,2.0509724858295174e-84,6.191882097865593e-62,7.401587178334946e-19,1.0
1.6022176051989183e-144,8.003743285529601e-77,3.716002549597669e-56,7.965946557779225e-17,1.0
2.0395447076210167e-191,5.032236817719926e-106,1.271470358094395e-81,7.878675491688099e-24,1.0
4.9549469288183094e-144,1.467644428584694e-78,8.155605422472776e-57,6.481725471023247e-16,1.0
3.251941173878143e-163,1.7850775928702804e-87,4.9872809568774595e-64,2.2172534313321463e-17,1.0
1.783376077642333e-153,4.7288387942297127e-79,1.2958759500451073e-57,9.037468697259853e-17,1.0
4.224033762309884e-169,2.4767223545040192e-88,1.3934483787487366e-64,1.3625184773170405e-19,1.0
6.958962644206365e-159,9.417230574483365e-92,6.199994772976797e-69,1.0237303760775964e-19,1.0
2.003163383576462e-148,3.6692469302986057e-84,3.2968188988711125e-63,3.7672478735450687e-19,1.0
6.42775320587909e-150,7.465057783904313e-81,2.3078899071082265e-60,4.3135104202508345e-18,1.0
2.2163980120398816e-158,2.2979497807720383e-80,3.1273452051491925e-57,4.9721422283246107e-17,1.0
2.1224276213939183e-149,2.8808370257008767e-82,2.493489832799246e-59,7.465240615437668e-18,1.0
1.835645351753864e-160,7.834436168256579e-84,5.128667194561761e-60,1.980404776618574e-16,1.0
4.113305295447388e-207,9.193519056562044e-116,6.912908191157572e-87,8.346020221166025e-25,1.0
8.644022189442113e-200,8.90785961395061e-114,4.845692665748752e-84,1.9108131831644375e-23,1.0
5.228507915143838e-155,3.685631460615866e-83,1.1569638036788958e-58,8.373706459457403e-17,1.0
1.1681616065643848e-190,4.716761305871664e-108,6.2921542955612e-80,1.4774965103894485e-23,1.0
3.1848515095950136e-153,1.1183107110932096e-85,3.623876607551263e-63,3.125168007216444e-18,1.0
8.600768780764625e-159,2.564946254481899e-84,9.742857886675264e-63,3.2586274258424028e-18,1.0
